Spectrum number, Filename/id, Peptide, E-value, Mass, gi, Accession, Start, Stop, Defline, Mods, Charge, Theo Mass, P-value, NIST score
2,JNA-and-JGP-AAP-27Aug03_HUPO.0839.0839.2.dta,HQTVPQNTGGK,0.907008112962952,1165.913,0,BL_ORD_ID:17952,554,564,sw|P02787|TRFE_HUMAN RecName: Full=Serotransferrin;Short=Transferrin;AltName: Full=Siderophilin;AltName: Full=Beta-1 metal-binding globulin;Flags: Precursor;,,2,1165.585,0.00028987156055064,0
3,JNA-and-JGP-AAP-27Aug03_HUPO.0900.0900.2.dta,TAQEGDHGSHVYTK,0.024512230425052,1529.303,0,BL_ORD_ID:168,1134,1147,sw|P01023|A2MG_HUMAN RecName: Full=Alpha-2-macroglobulin;Short=Alpha-2-M;AltName: Full=C3 and PZP-like alpha-2-macroglobulin domain-containing protein 5;Flags: Precursor;,,2,1528.691,9.18405036532485e-006,0
5,JNA-and-JGP-AAP-27Aug03_HUPO.0920.0920.2.dta,HYEGSTVPEKK,0.0096819596665507,1274.283,0,BL_ORD_ID:8011,312,322,sw|P00738|HPT_HUMAN RecName: Full=Haptoglobin;Contains:RecName: Full=Haptoglobin alpha chain;Contains:RecName: Full=Haptoglobin beta chain;Flags: Precursor;,,2,1273.631,2.96447019796408e-006,0
9,JNA-and-JGP-AAP-27Aug03_HUPO.0956.0956.2.dta,GGSTSYGTGSETESPR,0.0104394236921041,1571.793,0,BL_ORD_ID:6472,272,287,sw|P02671|FIBA_HUMAN RecName: Full=Fibrinogen alpha chain;Contains:RecName: Full=Fibrinopeptide A;Flags: Precursor;,,2,1571.67,4.0167078461347e-006,0
10,JNA-and-JGP-AAP-27Aug03_HUPO.0957.0957.2.dta,HYEGSTVPEK,0.252249214616925,1146.043,0,BL_ORD_ID:8011,312,321,sw|P00738|HPT_HUMAN RecName: Full=Haptoglobin;Contains:RecName: Full=Haptoglobin alpha chain;Contains:RecName: Full=Haptoglobin beta chain;Flags: Precursor;,,2,1145.536,7.11162150033619e-005,0
11,JNA-and-JGP-AAP-27Aug03_HUPO.0975.0975.2.dta,LSNENHGIAQR,0.0144548066394077,1237.873,0,BL_ORD_ID:8729,465,475,sw|P19823|ITIH2_HUMAN RecName: Full=Inter-alpha-trypsin inhibitor heavy chain H2;Short=Inter-alpha-inhibitor heavy chain 2;Short=ITI heavy chain H2;AltName: Full=Inter-alpha-trypsin inhibitor complex component II;AltName: Full=Serum-derived hyaluronan-associated protein;Short=SHAP;Flags: Precursor;,,2,1237.617,5.01033159078256e-006,0
12,JNA-and-JGP-AAP-27Aug03_HUPO.0996.0996.2.dta,SGSDEVQVGQQR,5.86040078367181e-005,1289.293,0,BL_ORD_ID:3764,1571,1582,sw|P01024|CO3_HUMAN RecName: Full=Complement C3;AltName: Full=C3 and PZP-like alpha-2-macroglobulin domain-containing protein 1;Contains:RecName: Full=Complement C3 beta chain;Contains:RecName: Full=Complement C3 alpha chain;Contains:RecName: Full=C3a anaphylatoxin;Contains:RecName: Full=Complement C3b alpha' chain;Contains:RecName: Full=Complement C3c alpha' chain fragment 1;Contains:RecName: Full=Complement C3dg fragment;Contains:RecName: Full=Complement C3g fragment;Contains:RecName: Full=Complement C3d fragment;Contains:RecName: Full=Complement C3f fragment;Contains:RecName: Full=Complement C3c alpha' chain fragment 2;Flags: Precursor;,,2,1288.601,1.74780816691673e-008,0
15,JNA-and-JGP-AAP-27Aug03_HUPO.1031.1031.2.dta,TDTSHHDQDHPTFNK,0.00760285933671019,1779.343,0,BL_ORD_ID:156,35,49,sw|P01009|A1AT_HUMAN RecName: Full=Alpha-1-antitrypsin;AltName: Full=Alpha-1 protease inhibitor;AltName: Full=Alpha-1-antiproteinase;Contains:RecName: Full=Short peptide from AAT;Short=SPAAT;Flags: Precursor;,,2,1778.763,3.61352630071777e-006,0
16,JNA-and-JGP-AAP-27Aug03_HUPO.1055.1055.2.dta,ATEDEGSEQKIPEATNR,0.010283104886648,1874.793,0,BL_ORD_ID:862,62,78,sw|P01008|ANT3_HUMAN RecName: Full=Antithrombin-III;Short=ATIII;Flags: Precursor;,,2,1873.868,5.13128986359679e-006,0
18,JNA-and-JGP-AAP-27Aug03_HUPO.1069.1069.2.dta,KQELSEAEQATR,2.23887410389365e-006,1389.223,0,BL_ORD_ID:3764,428,439,sw|P01024|CO3_HUMAN RecName: Full=Complement C3;AltName: Full=C3 and PZP-like alpha-2-macroglobulin domain-containing protein 1;Contains:RecName: Full=Complement C3 beta chain;Contains:RecName: Full=Complement C3 alpha chain;Contains:RecName: Full=C3a anaphylatoxin;Contains:RecName: Full=Complement C3b alpha' chain;Contains:RecName: Full=Complement C3c alpha' chain fragment 1;Contains:RecName: Full=Complement C3dg fragment;Contains:RecName: Full=Complement C3g fragment;Contains:RecName: Full=Complement C3d fragment;Contains:RecName: Full=Complement C3f fragment;Contains:RecName: Full=Complement C3c alpha' chain fragment 2;Flags: Precursor;,,2,1388.692,7.47537263403555e-010,0
20,JNA-and-JGP-AAP-27Aug03_HUPO.1095.1095.2.dta,NPSSAGSWNSGSSGPGSTGNR,3.01184928929807e-007,1963.323,0,BL_ORD_ID:6472,288,308,sw|P02671|FIBA_HUMAN RecName: Full=Fibrinogen alpha chain;Contains:RecName: Full=Fibrinopeptide A;Flags: Precursor;,,2,1962.84,1.64402253782646e-010,0
21,JNA-and-JGP-AAP-27Aug03_HUPO.1096.1096.2.dta,VDNALQSGNSQESVTEQDSK,2.25875504589867e-007,2135.943,0,BL_ORD_ID:8377,42,61,sw|P01834|IGKC_HUMAN RecName: Full=Ig kappa chain C region;,,2,2134.963,1.36398251563929e-010,0
23,JNA-and-JGP-AAP-27Aug03_HUPO.1129.1129.2.dta,KQINDYVEK,0.0198178363909033,1136.173,0,BL_ORD_ID:156,179,187,sw|P01009|A1AT_HUMAN RecName: Full=Alpha-1-antitrypsin;AltName: Full=Alpha-1 protease inhibitor;AltName: Full=Alpha-1-antiproteinase;Contains:RecName: Full=Short peptide from AAT;Short=SPAAT;Flags: Precursor;,,2,1135.588,5.94059843852017e-006,0
24,JNA-and-JGP-AAP-27Aug03_HUPO.1132.1132.2.dta,QVGSGVTTDQVQAEAK,2.79332977324573e-005,1616.903,0,BL_ORD_ID:8374,154,169,sw|P01871|IGHM_HUMAN RecName: Full=Ig mu chain C region;,,2,1616.801,1.12861809020029e-008,0
26,JNA-and-JGP-AAP-27Aug03_HUPO.1143.1143.2.dta,IYHSHIDAPK,0.782126601820213,1180.873,0,BL_ORD_ID:2875,178,187,sw|P00450|CERU_HUMAN RecName: Full=Ceruloplasmin;EC=1.16.3.1;AltName: Full=Ferroxidase;Flags: Precursor;,,2,1179.604,0.000251730480148121,0
28,JNA-and-JGP-AAP-27Aug03_HUPO.1253.1253.2.dta,AGEVQEPELR,0.222736215158085,1127.493,0,BL_ORD_ID:19563,239,248,sw|P25311|ZA2G_HUMAN RecName: Full=Zinc-alpha-2-glycoprotein;AltName: Full=Zn-alpha-2-glycoprotein;Short=Zn-alpha-2-GP;Flags: Precursor;,,2,1126.563,6.23387112113308e-005,0
28,JNA-and-JGP-AAP-27Aug03_HUPO.1253.1253.2.dta,AGEVQEPELR,0.222736215158085,1127.493,0,BL_ORD_ID:19566,148,157,sw|A8MT79|ZAGL1_HUMAN RecName: Full=Putative zinc-alpha-2-glycoprotein-like 1;Flags: Precursor;,,2,1126.563,6.23387112113308e-005,0
28,JNA-and-JGP-AAP-27Aug03_HUPO.1253.1253.2.dta,QEVKEILLR,0.274265807454637,1127.493,0,BL_ORD_ID:584,190,198,sw|Q9BRQ8|AIFM2_HUMAN RecName: Full=Apoptosis-inducing factor 2;EC=1.-.-.-;AltName: Full=Apoptosis-inducing factor-like mitochondrion-associated inducer of death;AltName: Full=Apoptosis-inducing factor homologous mitochondrion-associated inducer of death;AltName: Full=p53-responsive gene 3 protein;,,2,1126.672,7.67606514006819e-005,0
29,JNA-and-JGP-AAP-27Aug03_HUPO.1269.1269.2.dta,LTIGEGQQHHLGGAK,0.129644106982258,1545.463,0,BL_ORD_ID:6474,418,432,sw|P02679|FIBG_HUMAN RecName: Full=Fibrinogen gamma chain;Flags: Precursor;,,2,1544.806,4.90890219546603e-005,0
33,JNA-and-JGP-AAP-27Aug03_HUPO.1324.1324.2.dta,AHYGGFTVQNEANK,2.22425236617329e-006,1535.373,0,BL_ORD_ID:6473,354,367,sw|P02675|FIBB_HUMAN RecName: Full=Fibrinogen beta chain;Contains:RecName: Full=Fibrinopeptide B;Flags: Precursor;,,2,1534.716,8.86509512225304e-010,0
34,JNA-and-JGP-AAP-27Aug03_HUPO.1328.1328.1.dta,AHYGGFTVQNEANK,4.86883152626e-005,1534.583,0,BL_ORD_ID:6473,354,367,sw|P02675|FIBB_HUMAN RecName: Full=Fibrinogen beta chain;Contains:RecName: Full=Fibrinopeptide B;Flags: Precursor;,,1,1534.716,1.90560920792955e-008,0
35,JNA-and-JGP-AAP-27Aug03_HUPO.1332.1332.2.dta,HYDGSYSTFGER,0.00625396986577805,1418.053,0,BL_ORD_ID:168,1020,1031,sw|P01023|A2MG_HUMAN RecName: Full=Alpha-2-macroglobulin;Short=Alpha-2-M;AltName: Full=C3 and PZP-like alpha-2-macroglobulin domain-containing protein 5;Flags: Precursor;,,2,1417.589,2.13591867000617e-006,0
36,JNA-and-JGP-AAP-27Aug03_HUPO.1335.1335.2.dta,IGQDGISTSATTNLK,0.183633744859913,1505.673,0,BL_ORD_ID:954,1647,1661,sw|P04114|APOB_HUMAN RecName: Full=Apolipoprotein B-100;Short=Apo B-100;Contains:RecName: Full=Apolipoprotein B-48;Short=Apo B-48;Flags: Precursor;,,2,1504.774,7.16479691220884e-005,0
37,JNA-and-JGP-AAP-27Aug03_HUPO.1348.1348.2.dta,DTVQIHDITGK,0.000399572001843293,1225.943,0,BL_ORD_ID:6474,167,177,sw|P02679|FIBG_HUMAN RecName: Full=Fibrinogen gamma chain;Flags: Precursor;,,2,1225.631,1.21820732269297e-007,0
38,JNA-and-JGP-AAP-27Aug03_HUPO.1349.1349.2.dta,LPPNVVEESAR,0.000347419816484712,1210.203,0,BL_ORD_ID:168,935,945,sw|P01023|A2MG_HUMAN RecName: Full=Alpha-2-macroglobulin;Short=Alpha-2-M;AltName: Full=C3 and PZP-like alpha-2-macroglobulin domain-containing protein 5;Flags: Precursor;,,2,1209.636,1.14622176339397e-007,0
42,JNA-and-JGP-AAP-27Aug03_HUPO.1491.1491.2.dta,FKDLGEENFK,2.18925797094925e-007,1225.733,0,BL_ORD_ID:655,35,44,sw|P02768|ALBU_HUMAN RecName: Full=Serum albumin;Flags: Precursor;,,2,1225.598,6.65023684978509e-011,0
44,JNA-and-JGP-AAP-27Aug03_HUPO.1513.1513.3.dta,REEAPSLRPAPPPISGGGYR,8.59786241601757e-006,2106.605,0,BL_ORD_ID:6473,53,72,sw|P02675|FIBB_HUMAN RecName: Full=Fibrinogen beta chain;Contains:RecName: Full=Fibrinopeptide B;Flags: Precursor;,,3,2106.097,4.8823750232922e-009,0
45,JNA-and-JGP-AAP-27Aug03_HUPO.1532.1532.3.dta,EEAPSLRPAPPPISGGGYR,0.000220916267153753,1951.295,0,BL_ORD_ID:6473,54,72,sw|P02675|FIBB_HUMAN RecName: Full=Fibrinogen beta chain;Contains:RecName: Full=Fibrinopeptide B;Flags: Precursor;,,3,1949.996,1.21985790808257e-007,0
46,JNA-and-JGP-AAP-27Aug03_HUPO.1535.1535.2.dta,VQHIQLLQK,0.000696300460868608,1106.103,0,BL_ORD_ID:6472,149,157,sw|P02671|FIBA_HUMAN RecName: Full=Fibrinogen alpha chain;Contains:RecName: Full=Fibrinopeptide A;Flags: Precursor;,,2,1105.662,1.93363082718303e-007,0
48,JNA-and-JGP-AAP-27Aug03_HUPO.1545.1545.2.dta,AIGYLNTGYQR,1.72472300015774e-005,1255.083,0,BL_ORD_ID:168,1004,1014,sw|P01023|A2MG_HUMAN RecName: Full=Alpha-2-macroglobulin;Short=Alpha-2-M;AltName: Full=C3 and PZP-like alpha-2-macroglobulin domain-containing protein 5;Flags: Precursor;,,2,1254.635,5.27599571782729e-009,0
50,JNA-and-JGP-AAP-27Aug03_HUPO.1567.1567.2.dta,VTTVASHTSDSDVPSGVTEVVVK,0.00551823212601847,2313.713,0,BL_ORD_ID:3568,386,408,"sw|P10909|CLUS_HUMAN RecName: Full=Clusterin;AltName: Full=Complement-associated protein SP-40,40;AltName: Full=Complement cytolysis inhibitor;Short=CLI;AltName: Full=NA1/NA2;AltName: Full=Apolipoprotein J;Short=Apo-J;AltName: Full=Testosterone-repressed prostate message 2;Short=TRPM-2;AltName: Full=Ku70-binding protein 1;AltName: Full=Aging-associated gene 4 protein;Contains:RecName: Full=Clusterin beta chain;AltName: Full=ApoJalpha;AltName: Full=Complement cytolysis inhibitor a chain;Contains:RecName: Full=Clusterin alpha chain;AltName: Full=ApoJbeta;AltName: Full=Complement cytolysis inhibitor b chain;Flags: Precursor;",,2,2313.169,3.86430821149753e-006,0
51,JNA-and-JGP-AAP-27Aug03_HUPO.1584.1584.2.dta,YEASILTHDSSIR,0.00142260671621709,1491.613,0,BL_ORD_ID:6474,122,134,sw|P02679|FIBG_HUMAN RecName: Full=Fibrinogen gamma chain;Flags: Precursor;,,2,1490.737,5.19389089527963e-007,0
52,JNA-and-JGP-AAP-27Aug03_HUPO.1584.1584.3.dta,YEASILTHDSSIR,0.00142311049012279,1491.615,0,BL_ORD_ID:6474,122,134,sw|P02679|FIBG_HUMAN RecName: Full=Fibrinogen gamma chain;Flags: Precursor;,,2,1490.737,5.19383390555761e-007,0
53,JNA-and-JGP-AAP-27Aug03_HUPO.1585.1585.2.dta,HRHPDEAAFFDTASTGK,1.06091548034088e-006,1886.413,0,BL_ORD_ID:6472,511,527,sw|P02671|FIBA_HUMAN RecName: Full=Fibrinogen alpha chain;Contains:RecName: Full=Fibrinopeptide A;Flags: Precursor;,,2,1885.871,5.27556181173984e-010,0
55,JNA-and-JGP-AAP-27Aug03_HUPO.1607.1607.2.dta,LVNEVTEFAK,6.59167198411641e-006,1148.883,0,BL_ORD_ID:655,66,75,sw|P02768|ALBU_HUMAN RecName: Full=Serum albumin;Flags: Precursor;,,2,1148.608,2.01088224042599e-009,0
57,JNA-and-JGP-AAP-27Aug03_HUPO.1624.1624.2.dta,IPIEDGSGEVVLSR,6.66763096830647e-005,1471.113,0,BL_ORD_ID:3764,291,304,sw|P01024|CO3_HUMAN RecName: Full=Complement C3;AltName: Full=C3 and PZP-like alpha-2-macroglobulin domain-containing protein 1;Contains:RecName: Full=Complement C3 beta chain;Contains:RecName: Full=Complement C3 alpha chain;Contains:RecName: Full=C3a anaphylatoxin;Contains:RecName: Full=Complement C3b alpha' chain;Contains:RecName: Full=Complement C3c alpha' chain fragment 1;Contains:RecName: Full=Complement C3dg fragment;Contains:RecName: Full=Complement C3g fragment;Contains:RecName: Full=Complement C3d fragment;Contains:RecName: Full=Complement C3f fragment;Contains:RecName: Full=Complement C3c alpha' chain fragment 2;Flags: Precursor;,,2,1469.772,2.47775212497454e-008,0
58,JNA-and-JGP-AAP-27Aug03_HUPO.1628.1628.2.dta,HNVYINGITYTPVSSTNEK,1.27153495846714e-010,2136.813,0,BL_ORD_ID:168,646,664,sw|P01023|A2MG_HUMAN RecName: Full=Alpha-2-macroglobulin;Short=Alpha-2-M;AltName: Full=C3 and PZP-like alpha-2-macroglobulin domain-containing protein 5;Flags: Precursor;,,2,2136.049,7.74381826106662e-014,0
59,JNA-and-JGP-AAP-27Aug03_HUPO.1635.1635.2.dta,DNENVVNEYSSELEK,1.31644278674683e-010,1768.003,0,BL_ORD_ID:6473,164,178,sw|P02675|FIBB_HUMAN RecName: Full=Fibrinogen beta chain;Contains:RecName: Full=Fibrinopeptide B;Flags: Precursor;,,2,1767.781,6.0553946032513e-014,0
61,JNA-and-JGP-AAP-27Aug03_HUPO.1663.1663.2.dta,KVPQVSTPTLVEVSR,0.000640222868912048,1639.373,0,BL_ORD_ID:655,438,452,sw|P02768|ALBU_HUMAN RecName: Full=Serum albumin;Flags: Precursor;,,2,1638.931,2.7185684454864e-007,0
62,JNA-and-JGP-AAP-27Aug03_HUPO.1676.1676.1.dta,SLHTLFGDK,0.0758698170213331,1016.463,0,BL_ORD_ID:655,89,97,sw|P02768|ALBU_HUMAN RecName: Full=Serum albumin;Flags: Precursor;,,1,1016.529,1.71379753831789e-005,0
64,JNA-and-JGP-AAP-27Aug03_HUPO.1684.1684.2.dta,VPQVSTPTLVEVSR,0.000362779247793216,1511.273,0,BL_ORD_ID:655,439,452,sw|P02768|ALBU_HUMAN RecName: Full=Serum albumin;Flags: Precursor;,,2,1510.836,1.40015147739566e-007,0
65,JNA-and-JGP-AAP-27Aug03_HUPO.1684.1684.3.dta,VPQVSTPTLVEVSR,0.000362778115725832,1511.275,0,BL_ORD_ID:655,439,452,sw|P02768|ALBU_HUMAN RecName: Full=Serum albumin;Flags: Precursor;,,2,1510.836,1.40014710816608e-007,0
66,JNA-and-JGP-AAP-27Aug03_HUPO.1701.1701.2.dta,VTSIQDWVQK,0.000500908692727815,1203.283,0,BL_ORD_ID:8010,334,343,sw|P00739|HPTR_HUMAN RecName: Full=Haptoglobin-related protein;Flags: Precursor;,,2,1202.63,1.42546583018729e-007,0
66,JNA-and-JGP-AAP-27Aug03_HUPO.1701.1701.2.dta,VTSIQDWVQK,0.000500908692727815,1203.283,0,BL_ORD_ID:8011,392,401,sw|P00738|HPT_HUMAN RecName: Full=Haptoglobin;Contains:RecName: Full=Haptoglobin alpha chain;Contains:RecName: Full=Haptoglobin beta chain;Flags: Precursor;,,2,1202.63,1.42546583018729e-007,0
67,JNA-and-JGP-AAP-27Aug03_HUPO.1711.1711.1.dta,SLHTLFGDK,0.54679117945753,1016.493,0,BL_ORD_ID:655,89,97,sw|P02768|ALBU_HUMAN RecName: Full=Serum albumin;Flags: Precursor;,,1,1016.529,0.000122406800863562,0
69,JNA-and-JGP-AAP-27Aug03_HUPO.1716.1716.2.dta,VFSNGADLSGVTEEAPLK,1.8328849598393e-009,1834.573,0,BL_ORD_ID:156,335,352,sw|P01009|A1AT_HUMAN RecName: Full=Alpha-1-antitrypsin;AltName: Full=Alpha-1 protease inhibitor;AltName: Full=Alpha-1-antiproteinase;Contains:RecName: Full=Short peptide from AAT;Short=SPAAT;Flags: Precursor;,,2,1832.915,8.79503339654175e-013,0
70,JNA-and-JGP-AAP-27Aug03_HUPO.1723.1723.2.dta,HSTIFENLANK,0.00360728698365699,1273.113,0,BL_ORD_ID:17952,226,236,sw|P02787|TRFE_HUMAN RecName: Full=Serotransferrin;Short=Transferrin;AltName: Full=Siderophilin;AltName: Full=Beta-1 metal-binding globulin;Flags: Precursor;,,2,1272.647,1.1150809841289e-006,0
71,JNA-and-JGP-AAP-27Aug03_HUPO.1724.1724.2.dta,KGGETSEMYLIQPDSSVKPYR,1.19088712254258e-006,2384.903,0,BL_ORD_ID:6473,247,267,sw|P02675|FIBB_HUMAN RecName: Full=Fibrinogen beta chain;Contains:RecName: Full=Fibrinopeptide B;Flags: Precursor;,,2,2384.168,8.53071004686659e-010,0
74,JNA-and-JGP-AAP-27Aug03_HUPO.1749.1749.2.dta,VPVAVQGEDTVQSLTQGDGVAK,7.28390923904942e-011,2197.443,0,BL_ORD_ID:3764,387,408,sw|P01024|CO3_HUMAN RecName: Full=Complement C3;AltName: Full=C3 and PZP-like alpha-2-macroglobulin domain-containing protein 1;Contains:RecName: Full=Complement C3 beta chain;Contains:RecName: Full=Complement C3 alpha chain;Contains:RecName: Full=C3a anaphylatoxin;Contains:RecName: Full=Complement C3b alpha' chain;Contains:RecName: Full=Complement C3c alpha' chain fragment 1;Contains:RecName: Full=Complement C3dg fragment;Contains:RecName: Full=Complement C3g fragment;Contains:RecName: Full=Complement C3d fragment;Contains:RecName: Full=Complement C3f fragment;Contains:RecName: Full=Complement C3c alpha' chain fragment 2;Flags: Precursor;,,2,2197.122,4.72061519056994e-014,0
75,JNA-and-JGP-AAP-27Aug03_HUPO.1755.1755.2.dta,SASDLTWDNLK,6.22896293537054e-005,1250.133,0,BL_ORD_ID:17952,454,464,sw|P02787|TRFE_HUMAN RecName: Full=Serotransferrin;Short=Transferrin;AltName: Full=Siderophilin;AltName: Full=Beta-1 metal-binding globulin;Flags: Precursor;,,2,1248.599,2.04698091862325e-008,0
76,JNA-and-JGP-AAP-27Aug03_HUPO.1763.1763.1.dta,DASGVTFTWTPSSGK,0.177391765249671,1539.673,0,BL_ORD_ID:8366,154,168,sw|P01876|IGHA1_HUMAN RecName: Full=Ig alpha-1 chain C region;,,1,1539.72,6.84381810376818e-005,0
77,JNA-and-JGP-AAP-27Aug03_HUPO.1772.1772.2.dta,HQLYIDETVNSNIPTNLR,4.68051040109179e-005,2125.863,0,BL_ORD_ID:6473,179,196,sw|P02675|FIBB_HUMAN RecName: Full=Fibrinogen beta chain;Contains:RecName: Full=Fibrinopeptide B;Flags: Precursor;,,2,2126.077,2.90174234413626e-008,0
78,JNA-and-JGP-AAP-27Aug03_HUPO.1776.1776.2.dta,LYHSEAFTVNFGDTEEAKK,1.31663454941368e-009,2185.503,0,BL_ORD_ID:156,161,179,sw|P01009|A1AT_HUMAN RecName: Full=Alpha-1-antitrypsin;AltName: Full=Alpha-1 protease inhibitor;AltName: Full=Alpha-1-antiproteinase;Contains:RecName: Full=Short peptide from AAT;Short=SPAAT;Flags: Precursor;,,2,2185.033,8.27031752144274e-013,0
79,JNA-and-JGP-AAP-27Aug03_HUPO.1791.1791.2.dta,LQHLENELTHDIITK,4.46070195119296e-006,1803.813,0,BL_ORD_ID:156,284,298,sw|P01009|A1AT_HUMAN RecName: Full=Alpha-1-antitrypsin;AltName: Full=Alpha-1 protease inhibitor;AltName: Full=Alpha-1-antiproteinase;Contains:RecName: Full=Short peptide from AAT;Short=SPAAT;Flags: Precursor;,,2,1802.955,2.14250814178336e-009,0
81,JNA-and-JGP-AAP-27Aug03_HUPO.1821.1821.1.dta,TEVSSNHVLIYLDK,0.00902835313752736,1616.713,0,BL_ORD_ID:168,1408,1421,sw|P01023|A2MG_HUMAN RecName: Full=Alpha-2-macroglobulin;Short=Alpha-2-M;AltName: Full=C3 and PZP-like alpha-2-macroglobulin domain-containing protein 5;Flags: Precursor;,,1,1616.841,3.62293464587775e-006,0
82,JNA-and-JGP-AAP-27Aug03_HUPO.1824.1824.2.dta,FSGSGSGTDFTLTISR,0.00494068287369981,1632.353,0,BL_ORD_ID:9545,63,78,sw|P01623|KV305_HUMAN RecName: Full=Ig kappa chain V-III region WOL;,,2,1631.778,1.96761564066102e-006,0
82,JNA-and-JGP-AAP-27Aug03_HUPO.1824.1824.2.dta,FSGSGSGTDFTLTISR,0.00494068287369981,1632.353,0,BL_ORD_ID:9542,63,78,sw|P01620|KV302_HUMAN RecName: Full=Ig kappa chain V-III region SIE;,,2,1631.778,1.96761564066102e-006,0
82,JNA-and-JGP-AAP-27Aug03_HUPO.1824.1824.2.dta,FSGSGSGTDFTLTISR,0.00494068287369981,1632.353,0,BL_ORD_ID:9544,63,78,sw|P01622|KV304_HUMAN RecName: Full=Ig kappa chain V-III region Ti;,,2,1631.778,1.96761564066102e-006,0
82,JNA-and-JGP-AAP-27Aug03_HUPO.1824.1824.2.dta,FSGSGSGTDFTLTISR,0.00494068287369981,1632.353,0,BL_ORD_ID:9552,83,98,sw|P18135|KV312_HUMAN RecName: Full=Ig kappa chain V-III region HAH;Flags: Precursor;,,2,1631.778,1.96761564066102e-006,0
82,JNA-and-JGP-AAP-27Aug03_HUPO.1824.1824.2.dta,FSGSGSGTDFTLTISR,0.00494068287369981,1632.353,0,BL_ORD_ID:9553,83,98,sw|P18136|KV313_HUMAN RecName: Full=Ig kappa chain V-III region HIC;Flags: Precursor;,,2,1631.778,1.96761564066102e-006,0
82,JNA-and-JGP-AAP-27Aug03_HUPO.1824.1824.2.dta,FSGSGSGTDFTLTISR,0.00494068287369981,1632.353,0,BL_ORD_ID:9547,63,78,sw|P04206|KV307_HUMAN RecName: Full=Ig kappa chain V-III region GOL;AltName: Full=Rheumatoid factor;,,2,1631.778,1.96761564066102e-006,0
85,JNA-and-JGP-AAP-27Aug03_HUPO.1845.1845.2.dta,EFQLFSSPHGK,0.00305368592923475,1276.253,0,BL_ORD_ID:17952,300,310,sw|P02787|TRFE_HUMAN RecName: Full=Serotransferrin;Short=Transferrin;AltName: Full=Siderophilin;AltName: Full=Beta-1 metal-binding globulin;Flags: Precursor;,,2,1275.625,9.48349667464207e-007,0
86,JNA-and-JGP-AAP-27Aug03_HUPO.1857.1857.2.dta,LVAASQAALGL,6.1236511988347e-009,1012.803,0,BL_ORD_ID:655,599,609,sw|P02768|ALBU_HUMAN RecName: Full=Serum albumin;Flags: Precursor;,,2,1012.591,1.56455063843503e-012,0
87,JNA-and-JGP-AAP-27Aug03_HUPO.1867.1867.2.dta,MKPVPDLVPGNFK,0.589063430575532,1441.573,0,BL_ORD_ID:6472,226,238,sw|P02671|FIBA_HUMAN RecName: Full=Fibrinogen alpha chain;Contains:RecName: Full=Fibrinopeptide A;Flags: Precursor;,,2,1440.779,0.000211209548431528,0
88,JNA-and-JGP-AAP-27Aug03_HUPO.1868.1868.3.dta,QQNAQGGFSSTQDTVVALHALSK,0.00167323454244565,2386.913,0,BL_ORD_ID:168,1241,1263,sw|P01023|A2MG_HUMAN RecName: Full=Alpha-2-macroglobulin;Short=Alpha-2-M;AltName: Full=C3 and PZP-like alpha-2-macroglobulin domain-containing protein 5;Flags: Precursor;,,3,2386.188,1.27242170528186e-006,0
89,JNA-and-JGP-AAP-27Aug03_HUPO.1875.1875.3.dta,LESEETMVLEAHDAQGDVPVTVTVHDFPGKK,4.01196164056385e-012,3378.785,0,BL_ORD_ID:3764,36,66,sw|P01024|CO3_HUMAN RecName: Full=Complement C3;AltName: Full=C3 and PZP-like alpha-2-macroglobulin domain-containing protein 1;Contains:RecName: Full=Complement C3 beta chain;Contains:RecName: Full=Complement C3 alpha chain;Contains:RecName: Full=C3a anaphylatoxin;Contains:RecName: Full=Complement C3b alpha' chain;Contains:RecName: Full=Complement C3c alpha' chain fragment 1;Contains:RecName: Full=Complement C3dg fragment;Contains:RecName: Full=Complement C3g fragment;Contains:RecName: Full=Complement C3d fragment;Contains:RecName: Full=Complement C3f fragment;Contains:RecName: Full=Complement C3c alpha' chain fragment 2;Flags: Precursor;,,3,3377.645,5.73957316246616e-015,0
90,JNA-and-JGP-AAP-27Aug03_HUPO.1880.1880.2.dta,AAPSVTLFPPSSEELQANK,0.305535602388907,1985.543,0,BL_ORD_ID:9580,4,22,sw|P01842|LAC_HUMAN RecName: Full=Ig lambda chain C regions;,,2,1985.012,0.000170120045873556,0
91,JNA-and-JGP-AAP-27Aug03_HUPO.1883.1883.2.dta,GLIDEVNQDFTNR,3.96124266310983e-008,1519.923,0,BL_ORD_ID:6472,72,84,sw|P02671|FIBA_HUMAN RecName: Full=Fibrinogen alpha chain;Contains:RecName: Full=Fibrinopeptide A;Flags: Precursor;,,2,1519.727,1.47973203702272e-011,0
92,JNA-and-JGP-AAP-27Aug03_HUPO.1885.1885.2.dta,KDTVIKPLLVEPEGLEK,0.0908130686674107,1907.983,0,BL_ORD_ID:168,896,912,sw|P01023|A2MG_HUMAN RecName: Full=Alpha-2-macroglobulin;Short=Alpha-2-M;AltName: Full=C3 and PZP-like alpha-2-macroglobulin domain-containing protein 5;Flags: Precursor;,,2,1907.099,4.88242304663498e-005,0
93,JNA-and-JGP-AAP-27Aug03_HUPO.1895.1895.2.dta,SVLGQLGITK,0.0158169430353644,1014.703,0,BL_ORD_ID:156,325,334,sw|P01009|A1AT_HUMAN RecName: Full=Alpha-1-antitrypsin;AltName: Full=Alpha-1 protease inhibitor;AltName: Full=Alpha-1-antiproteinase;Contains:RecName: Full=Short peptide from AAT;Short=SPAAT;Flags: Precursor;,,2,1014.607,3.58173528880534e-006,0
97,JNA-and-JGP-AAP-27Aug03_HUPO.1927.1927.2.dta,ALGISPFHEHAEVVFTANDSGPR,2.63863195950573e-007,2450.813,0,BL_ORD_ID:18218,101,123,sw|P02766|TTHY_HUMAN RecName: Full=Transthyretin;AltName: Full=Prealbumin;AltName: Full=TBPA;AltName: Full=TTR;AltName: Full=ATTR;Flags: Precursor;,,2,2450.197,1.97502392178573e-010,0
98,JNA-and-JGP-AAP-27Aug03_HUPO.1932.1932.3.dta,ALGISPFHEHAEVVFTANDSGPR,1.37656212686307e-006,2450.645,0,BL_ORD_ID:18218,101,123,sw|P02766|TTHY_HUMAN RecName: Full=Transthyretin;AltName: Full=Prealbumin;AltName: Full=TBPA;AltName: Full=TTR;AltName: Full=ATTR;Flags: Precursor;,,3,2450.197,1.0303608734005e-009,0
99,JNA-and-JGP-AAP-27Aug03_HUPO.1939.1939.3.dta,LESEETMVLEAHDAQGDVPVTVTVHDFPGK,2.9952127813763e-013,3250.253,0,BL_ORD_ID:3764,36,65,sw|P01024|CO3_HUMAN RecName: Full=Complement C3;AltName: Full=C3 and PZP-like alpha-2-macroglobulin domain-containing protein 1;Contains:RecName: Full=Complement C3 beta chain;Contains:RecName: Full=Complement C3 alpha chain;Contains:RecName: Full=C3a anaphylatoxin;Contains:RecName: Full=Complement C3b alpha' chain;Contains:RecName: Full=Complement C3c alpha' chain fragment 1;Contains:RecName: Full=Complement C3dg fragment;Contains:RecName: Full=Complement C3g fragment;Contains:RecName: Full=Complement C3d fragment;Contains:RecName: Full=Complement C3f fragment;Contains:RecName: Full=Complement C3c alpha' chain fragment 2;Flags: Precursor;,,3,3249.55,3.8798093023009e-016,0
100,JNA-and-JGP-AAP-27Aug03_HUPO.1952.1952.2.dta,RPCFSALEVDETYVPK,0.000503177362543156,1853.183,0,BL_ORD_ID:655,509,524,sw|P02768|ALBU_HUMAN RecName: Full=Serum albumin;Flags: Precursor;,,2,1852.903,2.44260855603474e-007,0
101,JNA-and-JGP-AAP-27Aug03_HUPO.1957.1957.2.dta,AEDHFSVIDFNQNIR,0.000101913157765227,1805.073,0,BL_ORD_ID:8729,342,356,sw|P19823|ITIH2_HUMAN RecName: Full=Inter-alpha-trypsin inhibitor heavy chain H2;Short=Inter-alpha-inhibitor heavy chain 2;Short=ITI heavy chain H2;AltName: Full=Inter-alpha-trypsin inhibitor complex component II;AltName: Full=Serum-derived hyaluronan-associated protein;Short=SHAP;Flags: Precursor;,,2,1803.854,4.8140367390282e-008,0
102,JNA-and-JGP-AAP-27Aug03_HUPO.1968.1968.2.dta,GSPAINVAVHVFR,1.30473377875922e-005,1365.983,0,BL_ORD_ID:18218,42,54,sw|P02766|TTHY_HUMAN RecName: Full=Transthyretin;AltName: Full=Prealbumin;AltName: Full=TBPA;AltName: Full=TTR;AltName: Full=ATTR;Flags: Precursor;,,2,1365.75,4.61036670939655e-009,0
103,JNA-and-JGP-AAP-27Aug03_HUPO.1971.1971.2.dta,DTVIKPLLVEPEGLEK,5.47472060829975e-009,1779.383,0,BL_ORD_ID:168,897,912,sw|P01023|A2MG_HUMAN RecName: Full=Alpha-2-macroglobulin;Short=Alpha-2-M;AltName: Full=C3 and PZP-like alpha-2-macroglobulin domain-containing protein 5;Flags: Precursor;,,2,1779.004,2.60205352105501e-012,0
104,JNA-and-JGP-AAP-27Aug03_HUPO.1980.1980.3.dta,DTVIKPLLVEPEGLEK,1.49939868743439e-005,1779.254,0,BL_ORD_ID:168,897,912,sw|P01023|A2MG_HUMAN RecName: Full=Alpha-2-macroglobulin;Short=Alpha-2-M;AltName: Full=C3 and PZP-like alpha-2-macroglobulin domain-containing protein 5;Flags: Precursor;,,3,1779.004,7.12641961708358e-009,0
105,JNA-and-JGP-AAP-27Aug03_HUPO.1981.1981.2.dta,HLSLLTTLSNR,1.67210035270939e-007,1254.263,0,BL_ORD_ID:18848,208,218,sw|P02774|VTDB_HUMAN RecName: Full=Vitamin D-binding protein;Short=DBP;Short=VDB;AltName: Full=Group-specific component;AltName: Full=Gc-globulin;Flags: Precursor;,,2,1253.71,5.17998870108239e-011,0
106,JNA-and-JGP-AAP-27Aug03_HUPO.1991.1991.2.dta,TMTIHNGMFFSTYDR,0.0501416161711023,1818.753,0,BL_ORD_ID:6473,396,410,sw|P02675|FIBB_HUMAN RecName: Full=Fibrinogen beta chain;Contains:RecName: Full=Fibrinopeptide B;Flags: Precursor;,,2,1819.801,2.30642208698722e-005,0
107,JNA-and-JGP-AAP-27Aug03_HUPO.1993.1993.2.dta,AGDFLEANYMNLQR,0.0196947117119747,1641.803,0,BL_ORD_ID:3764,1172,1185,sw|P01024|CO3_HUMAN RecName: Full=Complement C3;AltName: Full=C3 and PZP-like alpha-2-macroglobulin domain-containing protein 1;Contains:RecName: Full=Complement C3 beta chain;Contains:RecName: Full=Complement C3 alpha chain;Contains:RecName: Full=C3a anaphylatoxin;Contains:RecName: Full=Complement C3b alpha' chain;Contains:RecName: Full=Complement C3c alpha' chain fragment 1;Contains:RecName: Full=Complement C3dg fragment;Contains:RecName: Full=Complement C3g fragment;Contains:RecName: Full=Complement C3d fragment;Contains:RecName: Full=Complement C3f fragment;Contains:RecName: Full=Complement C3c alpha' chain fragment 2;Flags: Precursor;,,2,1640.761,8.32405397801128e-006,0
108,JNA-and-JGP-AAP-27Aug03_HUPO.2011.2011.2.dta,DIAPTLTLYVGK,0.00237963502631162,1290.263,0,BL_ORD_ID:8010,158,169,sw|P00739|HPTR_HUMAN RecName: Full=Haptoglobin-related protein;Flags: Precursor;,,2,1289.723,7.01129942932121e-007,0
108,JNA-and-JGP-AAP-27Aug03_HUPO.2011.2011.2.dta,DIAPTLTLYVGK,0.00237963502631162,1290.263,0,BL_ORD_ID:8011,216,227,sw|P00738|HPT_HUMAN RecName: Full=Haptoglobin;Contains:RecName: Full=Haptoglobin alpha chain;Contains:RecName: Full=Haptoglobin beta chain;Flags: Precursor;,,2,1289.723,7.01129942932121e-007,0
109,JNA-and-JGP-AAP-27Aug03_HUPO.2023.2023.2.dta,IHLISTQSAIPYALR,2.35716796956908e-012,1683.513,0,BL_ORD_ID:6474,259,273,sw|P02679|FIBG_HUMAN RecName: Full=Fibrinogen gamma chain;Flags: Precursor;,,2,1681.952,1.05940133463779e-015,0
111,JNA-and-JGP-AAP-27Aug03_HUPO.2036.2036.2.dta,EDPQTFYYAVAVVK,9.30338038104867e-006,1629.443,0,BL_ORD_ID:17952,108,121,sw|P02787|TRFE_HUMAN RecName: Full=Serotransferrin;Short=Transferrin;AltName: Full=Siderophilin;AltName: Full=Beta-1 metal-binding globulin;Flags: Precursor;,,2,1628.808,3.63839670748873e-009,0
112,JNA-and-JGP-AAP-27Aug03_HUPO.2044.2044.2.dta,IAQWQSFQLEGGLK,0.000212809177785741,1604.243,0,BL_ORD_ID:168,175,188,sw|P01023|A2MG_HUMAN RecName: Full=Alpha-2-macroglobulin;Short=Alpha-2-M;AltName: Full=C3 and PZP-like alpha-2-macroglobulin domain-containing protein 5;Flags: Precursor;,,2,1603.836,8.78650610180597e-008,0
113,JNA-and-JGP-AAP-27Aug03_HUPO.2051.2051.2.dta,HGTDDGVVWMNWK,2.91464516579227e-008,1544.113,0,BL_ORD_ID:6473,459,471,sw|P02675|FIBB_HUMAN RecName: Full=Fibrinogen beta chain;Contains:RecName: Full=Fibrinopeptide B;Flags: Precursor;,,2,1543.686,1.1040322597698e-011,0
114,JNA-and-JGP-AAP-27Aug03_HUPO.2052.2052.2.dta,AYYENSPQQVFSTEFEVK,0.000831762836574095,2165.543,0,BL_ORD_ID:3764,208,225,sw|P01024|CO3_HUMAN RecName: Full=Complement C3;AltName: Full=C3 and PZP-like alpha-2-macroglobulin domain-containing protein 1;Contains:RecName: Full=Complement C3 beta chain;Contains:RecName: Full=Complement C3 alpha chain;Contains:RecName: Full=C3a anaphylatoxin;Contains:RecName: Full=Complement C3b alpha' chain;Contains:RecName: Full=Complement C3c alpha' chain fragment 1;Contains:RecName: Full=Complement C3dg fragment;Contains:RecName: Full=Complement C3g fragment;Contains:RecName: Full=Complement C3d fragment;Contains:RecName: Full=Complement C3f fragment;Contains:RecName: Full=Complement C3c alpha' chain fragment 2;Flags: Precursor;,,2,2164.996,5.08412491793456e-007,0
115,JNA-and-JGP-AAP-27Aug03_HUPO.2053.2053.2.dta,KFPSGTFEQVSQLVK,0.0060313532600757,1693.853,0,BL_ORD_ID:18848,51,65,sw|P02774|VTDB_HUMAN RecName: Full=Vitamin D-binding protein;Short=DBP;Short=VDB;AltName: Full=Group-specific component;AltName: Full=Gc-globulin;Flags: Precursor;,,2,1693.904,2.44977792854415e-006,0
116,JNA-and-JGP-AAP-27Aug03_HUPO.2055.2055.1.dta,HGTDDGVVWMNWK,0.000232996424874708,1544.513,0,BL_ORD_ID:6473,459,471,sw|P02675|FIBB_HUMAN RecName: Full=Fibrinogen beta chain;Contains:RecName: Full=Fibrinopeptide B;Flags: Precursor;,,1,1543.686,8.8289664598222e-008,0
117,JNA-and-JGP-AAP-27Aug03_HUPO.2061.2061.2.dta,YAASSYLSLTPEQWK,0.000226409289877897,1744.423,0,BL_ORD_ID:9580,65,79,sw|P01842|LAC_HUMAN RecName: Full=Ig lambda chain C regions;,,2,1742.852,1.01756984214785e-007,0
120,JNA-and-JGP-AAP-27Aug03_HUPO.2077.2077.2.dta,YYWGGQYTWDMAK,1.71168467073006e-008,1668.343,0,BL_ORD_ID:6473,446,458,sw|P02675|FIBB_HUMAN RecName: Full=Fibrinogen beta chain;Contains:RecName: Full=Fibrinopeptide B;Flags: Precursor;,,2,1667.706,7.38431695742046e-012,0
121,JNA-and-JGP-AAP-27Aug03_HUPO.2091.2091.2.dta,QEPSQGTTTFAVTSILR,0.0038740522085883,1835.573,0,BL_ORD_ID:8366,283,299,sw|P01876|IGHA1_HUMAN RecName: Full=Ig alpha-1 chain C region;,,2,1834.944,1.8545008178977e-006,0
121,JNA-and-JGP-AAP-27Aug03_HUPO.2091.2091.2.dta,QEPSQGTTTFAVTSILR,0.0038740522085883,1835.573,0,BL_ORD_ID:8367,270,286,sw|P01877|IGHA2_HUMAN RecName: Full=Ig alpha-2 chain C region;,,2,1834.944,1.8545008178977e-006,0
122,JNA-and-JGP-AAP-27Aug03_HUPO.2093.2093.2.dta,MYLGYEYVTAIR,3.83553679835335e-010,1478.033,0,BL_ORD_ID:17952,332,343,sw|P02787|TRFE_HUMAN RecName: Full=Serotransferrin;Short=Transferrin;AltName: Full=Siderophilin;AltName: Full=Beta-1 metal-binding globulin;Flags: Precursor;,,2,1477.726,1.45837901078074e-013,0
123,JNA-and-JGP-AAP-27Aug03_HUPO.2108.2108.2.dta,YVGGQEHFAHLLILR,1.67477221904452e-009,1752.533,0,BL_ORD_ID:153,109,123,sw|P02763|A1AG1_HUMAN RecName: Full=Alpha-1-acid glycoprotein 1;Short=AGP 1;AltName: Full=Orosomucoid-1;Short=OMD 1;Flags: Precursor;,,2,1751.946,7.79326300160318e-013,0
125,JNA-and-JGP-AAP-27Aug03_HUPO.2127.2127.2.dta,RHPDYSVVLLLR,0.00298129082387717,1467.213,0,BL_ORD_ID:655,361,372,sw|P02768|ALBU_HUMAN RecName: Full=Serum albumin;Flags: Precursor;,,2,1466.835,1.18211372873798e-006,0
126,JNA-and-JGP-AAP-27Aug03_HUPO.2139.2139.2.dta,TSESGELHGLTTEEEFVEGIYK,5.4242105761178e-010,2454.883,0,BL_ORD_ID:18218,69,90,sw|P02766|TTHY_HUMAN RecName: Full=Transthyretin;AltName: Full=Prealbumin;AltName: Full=TBPA;AltName: Full=TTR;AltName: Full=ATTR;Flags: Precursor;,,2,2454.145,4.16926254889916e-013,0
127,JNA-and-JGP-AAP-27Aug03_HUPO.2140.2140.3.dta,TSESGELHGLTTEEEFVEGIYK,5.71651284446105e-006,2455.373,0,BL_ORD_ID:18218,69,90,sw|P02766|TTHY_HUMAN RecName: Full=Transthyretin;AltName: Full=Prealbumin;AltName: Full=TBPA;AltName: Full=TTR;AltName: Full=ATTR;Flags: Precursor;,,3,2454.145,4.30136406656212e-009,0
128,JNA-and-JGP-AAP-27Aug03_HUPO.2143.2143.2.dta,VFDEFKPLVEEPQNLIK,0.00501326450872457,2045.693,0,BL_ORD_ID:655,397,413,sw|P02768|ALBU_HUMAN RecName: Full=Serum albumin;Flags: Precursor;,,2,2044.089,2.78979661030861e-006,0
130,JNA-and-JGP-AAP-27Aug03_HUPO.2147.2147.3.dta,VFDEFKPLVEEPQNLIK,3.8878070487385e-007,2044.913,0,BL_ORD_ID:655,397,413,sw|P02768|ALBU_HUMAN RecName: Full=Serum albumin;Flags: Precursor;,,3,2044.089,2.15510368555349e-010,0
131,JNA-and-JGP-AAP-27Aug03_HUPO.2149.2149.2.dta,VSVQLEASPAFLAVPVEK,8.30882417004962e-006,1883.763,0,BL_ORD_ID:168,824,841,sw|P01023|A2MG_HUMAN RecName: Full=Alpha-2-macroglobulin;Short=Alpha-2-M;AltName: Full=C3 and PZP-like alpha-2-macroglobulin domain-containing protein 5;Flags: Precursor;,,2,1883.04,4.15441208502481e-009,0
132,JNA-and-JGP-AAP-27Aug03_HUPO.2151.2151.2.dta,TEHPFTVEEFVLPK,0.0021002540811669,1671.603,0,BL_ORD_ID:168,215,228,sw|P01023|A2MG_HUMAN RecName: Full=Alpha-2-macroglobulin;Short=Alpha-2-M;AltName: Full=C3 and PZP-like alpha-2-macroglobulin domain-containing protein 5;Flags: Precursor;,,2,1671.852,8.68591431417246e-007,0
134,JNA-and-JGP-AAP-27Aug03_HUPO.2153.2153.1.dta,TEHPFTVEEFVLPK,0.136094811332984,1672.583,0,BL_ORD_ID:168,215,228,sw|P01023|A2MG_HUMAN RecName: Full=Alpha-2-macroglobulin;Short=Alpha-2-M;AltName: Full=C3 and PZP-like alpha-2-macroglobulin domain-containing protein 5;Flags: Precursor;,,1,1671.852,5.66353771672843e-005,0
136,JNA-and-JGP-AAP-27Aug03_HUPO.2159.2159.2.dta,AVMDDFAAFVEK,1.89463198147876e-009,1341.953,0,BL_ORD_ID:655,570,581,sw|P02768|ALBU_HUMAN RecName: Full=Serum albumin;Flags: Precursor;,,2,1341.626,6.38998981948992e-013,0
138,JNA-and-JGP-AAP-27Aug03_HUPO.2168.2168.2.dta,HPDYSVVLLLR,0.182110066487389,1311.153,0,BL_ORD_ID:655,362,372,sw|P02768|ALBU_HUMAN RecName: Full=Serum albumin;Flags: Precursor;,,2,1310.734,6.0602351576502e-005,0
141,JNA-and-JGP-AAP-27Aug03_HUPO.2179.2179.2.dta,VFDEFKPLVEEPQNLIK,3.41988421095844e-007,2045.673,0,BL_ORD_ID:655,397,413,sw|P02768|ALBU_HUMAN RecName: Full=Serum albumin;Flags: Precursor;,,2,2044.089,1.90416715532207e-010,0
142,JNA-and-JGP-AAP-27Aug03_HUPO.2184.2184.3.dta,VFDEFKPLVEEPQNLIK,4.00351064706751e-006,2044.463,0,BL_ORD_ID:655,397,413,sw|P02768|ALBU_HUMAN RecName: Full=Serum albumin;Flags: Precursor;,,3,2044.089,2.22788572457847e-009,0
144,JNA-and-JGP-AAP-27Aug03_HUPO.2196.2196.2.dta,EFNAETFTFHADICTLSEK,0.000763000025329647,2203.083,0,BL_ORD_ID:655,525,543,sw|P02768|ALBU_HUMAN RecName: Full=Serum albumin;Flags: Precursor;,,2,2201.995,4.5825827347126e-007,0
145,JNA-and-JGP-AAP-27Aug03_HUPO.2203.2203.2.dta,TLNQPDSQLQLTTGNGLFLSEGLK,0.115924048884905,2573.673,0,BL_ORD_ID:156,126,149,sw|P01009|A1AT_HUMAN RecName: Full=Alpha-1-antitrypsin;AltName: Full=Alpha-1 protease inhibitor;AltName: Full=Alpha-1-antiproteinase;Contains:RecName: Full=Short peptide from AAT;Short=SPAAT;Flags: Precursor;,,2,2573.335,9.24434201634012e-005,0
146,JNA-and-JGP-AAP-27Aug03_HUPO.2207.2207.3.dta,TLNQPDSQLQLTTGNGLFLSEGLK,1.23987332864858e-007,2574.353,0,BL_ORD_ID:156,126,149,sw|P01009|A1AT_HUMAN RecName: Full=Alpha-1-antitrypsin;AltName: Full=Alpha-1 protease inhibitor;AltName: Full=Alpha-1-antiproteinase;Contains:RecName: Full=Short peptide from AAT;Short=SPAAT;Flags: Precursor;,,3,2573.335,9.7474318289983e-011,0
150,JNA-and-JGP-AAP-27Aug03_HUPO.2231.2231.3.dta,TYMLAFDVNDEKNWGLSVYADKPETTK,5.50762349404547e-007,3136.445,0,BL_ORD_ID:153,127,153,sw|P02763|A1AG1_HUMAN RecName: Full=Alpha-1-acid glycoprotein 1;Short=AGP 1;AltName: Full=Orosomucoid-1;Short=OMD 1;Flags: Precursor;,,3,3134.49,7.25642094077137e-010,0
151,JNA-and-JGP-AAP-27Aug03_HUPO.2233.2233.2.dta,EFNAETFTFHADICTLSEK,1.14827645450078e-006,2201.953,0,BL_ORD_ID:655,525,543,sw|P02768|ALBU_HUMAN RecName: Full=Serum albumin;Flags: Precursor;,,2,2201.995,6.89241569328197e-010,0
153,JNA-and-JGP-AAP-27Aug03_HUPO.2252.2252.2.dta,TVAAPSVFIFPPSDEQLK,0.165906999730421,1945.633,0,BL_ORD_ID:8377,1,18,sw|P01834|IGKC_HUMAN RecName: Full=Ig kappa chain C region;,,2,1945.02,8.90536767205693e-005,0
154,JNA-and-JGP-AAP-27Aug03_HUPO.2272.2272.2.dta,MEEVEAMLLPETLK,5.5038132593894e-005,1632.333,0,BL_ORD_ID:183,284,297,sw|P01011|AACT_HUMAN RecName: Full=Alpha-1-antichymotrypsin;Short=ACT;AltName: Full=Cell growth-inhibiting gene 24/25 protein;Contains:RecName: Full=Alpha-1-antichymotrypsin His-Pro-less;Flags: Precursor;,,2,1631.816,2.19188102723592e-008,0
155,JNA-and-JGP-AAP-27Aug03_HUPO.2279.2279.3.dta,LVRPEVDVMCTAFHDNEETFLK,4.39095712251665e-008,2593.655,0,BL_ORD_ID:655,139,160,sw|P02768|ALBU_HUMAN RecName: Full=Serum albumin;Flags: Precursor;,,3,2592.235,3.64697435424971e-011,0
156,JNA-and-JGP-AAP-27Aug03_HUPO.2280.2280.2.dta,EFNAETFTFHADICTLSEK,0.00233527505819706,2202.723,0,BL_ORD_ID:655,525,543,sw|P02768|ALBU_HUMAN RecName: Full=Serum albumin;Flags: Precursor;,,2,2201.995,1.39753145314007e-006,0
157,JNA-and-JGP-AAP-27Aug03_HUPO.2320.2320.2.dta,EYVLPSFEVIVEPTEK,1.56259443163783e-007,1878.663,0,BL_ORD_ID:3764,226,241,sw|P01024|CO3_HUMAN RecName: Full=Complement C3;AltName: Full=C3 and PZP-like alpha-2-macroglobulin domain-containing protein 1;Contains:RecName: Full=Complement C3 beta chain;Contains:RecName: Full=Complement C3 alpha chain;Contains:RecName: Full=C3a anaphylatoxin;Contains:RecName: Full=Complement C3b alpha' chain;Contains:RecName: Full=Complement C3c alpha' chain fragment 1;Contains:RecName: Full=Complement C3dg fragment;Contains:RecName: Full=Complement C3g fragment;Contains:RecName: Full=Complement C3d fragment;Contains:RecName: Full=Complement C3f fragment;Contains:RecName: Full=Complement C3c alpha' chain fragment 2;Flags: Precursor;,,2,1877.967,7.98872408812795e-011,0
160,JNA-and-JGP-AAP-27Aug03_HUPO.2357.2357.2.dta,EFNAETFTFHADICTLSEK,0.00344865629604786,2203.693,0,BL_ORD_ID:655,525,543,sw|P02768|ALBU_HUMAN RecName: Full=Serum albumin;Flags: Precursor;,,2,2201.995,2.07875605548394e-006,0
161,JNA-and-JGP-AAP-27Aug03_HUPO.2359.2359.2.dta,LLLQQVSLPELPGEYSMK,6.69581787644104e-006,2044.533,0,BL_ORD_ID:168,1298,1315,sw|P01023|A2MG_HUMAN RecName: Full=Alpha-2-macroglobulin;Short=Alpha-2-M;AltName: Full=C3 and PZP-like alpha-2-macroglobulin domain-containing protein 5;Flags: Precursor;,,2,2044.092,3.72610900191488e-009,0
162,JNA-and-JGP-AAP-27Aug03_HUPO.2367.2367.3.dta,DGWHSWPIAHQWPQGPSAVDAAFSWEEK,1.11140261150002e-012,3220.145,0,BL_ORD_ID:7812,290,317,sw|P02790|HEMO_HUMAN RecName: Full=Hemopexin;AltName: Full=Beta-1B-glycoprotein;Flags: Precursor;,,3,3218.463,1.50392775575104e-015,0
163,JNA-and-JGP-AAP-27Aug03_HUPO.2369.2369.2.dta,TAGWNIPMGLLYNK,0.00104667383831247,1577.293,0,BL_ORD_ID:17952,476,489,sw|P02787|TRFE_HUMAN RecName: Full=Serotransferrin;Short=Transferrin;AltName: Full=Siderophilin;AltName: Full=Beta-1 metal-binding globulin;Flags: Precursor;,,2,1576.806,4.22386536849262e-007,0
164,JNA-and-JGP-AAP-27Aug03_HUPO.2379.2379.2.dta,LLIYAVLPTGDVIGDSAK,1.63184570095116e-005,1844.723,0,BL_ORD_ID:168,540,557,sw|P01023|A2MG_HUMAN RecName: Full=Alpha-2-macroglobulin;Short=Alpha-2-M;AltName: Full=C3 and PZP-like alpha-2-macroglobulin domain-containing protein 5;Flags: Precursor;,,2,1844.028,8.07444681321703e-009,0
165,JNA-and-JGP-AAP-27Aug03_HUPO.2383.2383.2.dta,DSHSLTTNIMEILR,9.8033358593925e-008,1629.163,0,BL_ORD_ID:6472,101,114,sw|P02671|FIBA_HUMAN RecName: Full=Fibrinogen alpha chain;Contains:RecName: Full=Fibrinopeptide A;Flags: Precursor;,,2,1628.82,3.83392094618401e-011,0
167,JNA-and-JGP-AAP-27Aug03_HUPO.2404.2404.1.dta,ALLAYAFALAGNQDK,0.239061676015965,1565.603,0,BL_ORD_ID:168,1148,1162,sw|P01023|A2MG_HUMAN RecName: Full=Alpha-2-macroglobulin;Short=Alpha-2-M;AltName: Full=C3 and PZP-like alpha-2-macroglobulin domain-containing protein 5;Flags: Precursor;,,1,1564.824,9.88675252340631e-005,0
168,JNA-and-JGP-AAP-27Aug03_HUPO.2415.2415.2.dta,YTIAALLSPYSYSTTAVVTNPK,2.69928364333854e-006,2360.863,0,BL_ORD_ID:18218,125,146,sw|P02766|TTHY_HUMAN RecName: Full=Transthyretin;AltName: Full=Prealbumin;AltName: Full=TBPA;AltName: Full=TTR;AltName: Full=ATTR;Flags: Precursor;,,2,2359.231,1.96311537697348e-009,0
170,JNA-and-JGP-AAP-27Aug03_HUPO.2431.2431.2.dta,VNWEEEAASGLLTSLK,0.000113501794590234,1746.623,0,BL_ORD_ID:954,4056,4071,sw|P04114|APOB_HUMAN RecName: Full=Apolipoprotein B-100;Short=Apo B-100;Contains:RecName: Full=Apolipoprotein B-48;Short=Apo B-48;Flags: Precursor;,,2,1745.884,5.26690462135657e-008,0
171,JNA-and-JGP-AAP-27Aug03_HUPO.2448.2448.3.dta,TSESGELHGLTTEEEFVEGIYKVEIDTK,5.07621073858968e-006,3140.654,0,BL_ORD_ID:18218,69,96,sw|P02766|TTHY_HUMAN RecName: Full=Transthyretin;AltName: Full=Prealbumin;AltName: Full=TBPA;AltName: Full=TTR;AltName: Full=ATTR;Flags: Precursor;,,3,3139.51,6.60964939920531e-009,0
172,JNA-and-JGP-AAP-27Aug03_HUPO.2455.2455.2.dta,FNKPFVFLMIEQNTK,0.000304760056118387,1855.653,0,BL_ORD_ID:156,390,404,sw|P01009|A1AT_HUMAN RecName: Full=Alpha-1-antitrypsin;AltName: Full=Alpha-1 protease inhibitor;AltName: Full=Alpha-1-antiproteinase;Contains:RecName: Full=Short peptide from AAT;Short=SPAAT;Flags: Precursor;,,2,1854.97,1.51546522187164e-007,0
173,JNA-and-JGP-AAP-27Aug03_HUPO.2477.2477.2.dta,QTVNLQLQPYSLVTTLNSDLK,0.185159918831692,2375.033,0,BL_ORD_ID:954,1782,1802,sw|P04114|APOB_HUMAN RecName: Full=Apolipoprotein B-100;Short=Apo B-100;Contains:RecName: Full=Apolipoprotein B-48;Short=Apo B-48;Flags: Precursor;,,2,2374.276,0.000138592753616536,0
174,JNA-and-JGP-AAP-27Aug03_HUPO.2489.2489.3.dta,NFVASHIANILNSEELDIQDLKK,2.26396642334129e-010,2610.665,0,BL_ORD_ID:954,591,613,sw|P04114|APOB_HUMAN RecName: Full=Apolipoprotein B-100;Short=Apo B-100;Contains:RecName: Full=Apolipoprotein B-48;Short=Apo B-48;Flags: Precursor;,,3,2610.366,1.96695605850677e-013,0
175,JNA-and-JGP-AAP-27Aug03_HUPO.2503.2503.2.dta,EFNAETFTFHADICTLSEK,0.858892904814147,2200.343,0,BL_ORD_ID:655,525,543,sw|P02768|ALBU_HUMAN RecName: Full=Serum albumin;Flags: Precursor;,,2,2201.995,0.000533805410077158,0
176,JNA-and-JGP-AAP-27Aug03_HUPO.2515.2515.2.dta,ILLMDLNEEDPTVLELGITGSK,8.16445865484158e-013,2399.733,0,BL_ORD_ID:13558,85,106,sw|P27169|PON1_HUMAN RecName: Full=Serum paraoxonase/arylesterase 1;Short=PON 1;EC=3.1.1.2;EC=3.1.8.1;AltName: Full=Serum aryldialkylphosphatase 1;AltName: Full=A-esterase 1;AltName: Full=Aromatic esterase 1;AltName: Full=K-45;,,2,2399.251,5.99006504390432e-016,0
177,JNA-and-JGP-AAP-27Aug03_HUPO.2524.2524.1.dta,EWFWDLATGTMK,0.14611569560757,1483.543,0,BL_ORD_ID:7812,167,178,sw|P02790|HEMO_HUMAN RecName: Full=Hemopexin;AltName: Full=Beta-1B-glycoprotein;Flags: Precursor;,,1,1483.68,5.51171993993098e-005,0
178,JNA-and-JGP-AAP-27Aug03_HUPO.2533.2533.2.dta,DSPVLIDFFEDTER,5.69008001162908e-007,1682.213,0,BL_ORD_ID:8016,140,153,sw|P04196|HRG_HUMAN RecName: Full=Histidine-rich glycoprotein;AltName: Full=Histidine-proline-rich glycoprotein;Short=HPRG;Flags: Precursor;,,2,1681.784,2.51773451841995e-010,0
179,JNA-and-JGP-AAP-27Aug03_HUPO.2536.2536.2.dta,VVSVLTVLHQDWLNGK,4.10231790196833e-006,1807.513,0,BL_ORD_ID:8370,185,200,sw|P01857|IGHG1_HUMAN RecName: Full=Ig gamma-1 chain C region;,,2,1806.998,1.8835252075153e-009,0
179,JNA-and-JGP-AAP-27Aug03_HUPO.2536.2536.2.dta,VVSVLTVLHQDWLNGK,4.10231790196833e-006,1807.513,0,BL_ORD_ID:8373,182,197,sw|P01861|IGHG4_HUMAN RecName: Full=Ig gamma-4 chain C region;,,2,1806.998,1.8835252075153e-009,0
179,JNA-and-JGP-AAP-27Aug03_HUPO.2536.2536.2.dta,VVSVLTVLHQDWLNGK,4.10231790196833e-006,1807.513,0,BL_ORD_ID:8372,232,247,sw|P01860|IGHG3_HUMAN RecName: Full=Ig gamma-3 chain C region;AltName: Full=Heavy chain disease protein;AltName: Full=HDC;,,2,1806.998,1.8835252075153e-009,0
180,JNA-and-JGP-AAP-27Aug03_HUPO.2539.2539.2.dta,GTEAAGAMFLEAIPMSIPPEVK,1.39818278044832e-009,2258.613,0,BL_ORD_ID:156,368,389,sw|P01009|A1AT_HUMAN RecName: Full=Alpha-1-antitrypsin;AltName: Full=Alpha-1 protease inhibitor;AltName: Full=Alpha-1-antiproteinase;Contains:RecName: Full=Short peptide from AAT;Short=SPAAT;Flags: Precursor;,,2,2258.132,9.48563623099267e-013,0
181,JNA-and-JGP-AAP-27Aug03_HUPO.2540.2540.2.dta,EFNAETFTFHADICTLSEK,0.0232984487360526,2201.013,0,BL_ORD_ID:655,525,543,sw|P02768|ALBU_HUMAN RecName: Full=Serum albumin;Flags: Precursor;,,2,2201.995,1.44800800099768e-005,0
182,JNA-and-JGP-AAP-27Aug03_HUPO.2575.2575.2.dta,GTEAAGAMFLEAIPMSIPPEVK,1.3331560197397e-006,2259.883,0,BL_ORD_ID:156,368,389,sw|P01009|A1AT_HUMAN RecName: Full=Alpha-1-antitrypsin;AltName: Full=Alpha-1 protease inhibitor;AltName: Full=Alpha-1-antiproteinase;Contains:RecName: Full=Short peptide from AAT;Short=SPAAT;Flags: Precursor;,,2,2258.132,9.11248133793371e-010,0
184,JNA-and-JGP-AAP-27Aug03_HUPO.2603.2603.2.dta,RHPYFYAPELLFFAK,1.93758278705825e-007,1898.563,0,BL_ORD_ID:655,169,183,sw|P02768|ALBU_HUMAN RecName: Full=Serum albumin;Flags: Precursor;,,2,1897.987,1.05132001468163e-010,0
185,JNA-and-JGP-AAP-27Aug03_HUPO.2604.2604.3.dta,RHPYFYAPELLFFAK,1.24629418895328e-015,1898.873,0,BL_ORD_ID:655,169,183,sw|P02768|ALBU_HUMAN RecName: Full=Serum albumin;Flags: Precursor;,,3,1897.987,6.7880947110745e-019,0
185,JNA-and-JGP-AAP-27Aug03_HUPO.2604.2604.3.dta,DIGRPKAEVAAEFLNDR,0.552896155651268,1898.873,0,BL_ORD_ID:18409,119,135,sw|Q8TBC4|UBA3_HUMAN RecName: Full=NEDD8-activating enzyme E1 catalytic subunit;EC=6.3.2.-;AltName: Full=Ubiquitin-like modifier-activating enzyme 3;Short=Ubiquitin-activating enzyme 3;AltName: Full=NEDD8-activating enzyme E1C;AltName: Full=Ubiquitin-activating enzyme E1C;,,3,1899.98,0.000301141696977815,0
186,JNA-and-JGP-AAP-27Aug03_HUPO.2608.2608.2.dta,IADFELPTIIVPEQTIEIPSIK,1.38938849939579e-009,2465.653,0,BL_ORD_ID:954,3847,3868,sw|P04114|APOB_HUMAN RecName: Full=Apolipoprotein B-100;Short=Apo B-100;Contains:RecName: Full=Apolipoprotein B-48;Short=Apo B-48;Flags: Precursor;,,2,2465.369,1.10094175863375e-012,0
188,JNA-and-JGP-AAP-27Aug03_HUPO.2625.2625.2.dta,GTEAAGAMFLEAIPMSIPPEVK,0.0207152312789216,2258.253,0,BL_ORD_ID:156,368,389,sw|P01009|A1AT_HUMAN RecName: Full=Alpha-1-antitrypsin;AltName: Full=Alpha-1 protease inhibitor;AltName: Full=Alpha-1-antiproteinase;Contains:RecName: Full=Short peptide from AAT;Short=SPAAT;Flags: Precursor;,,2,2258.132,1.40824141936925e-005,0
189,JNA-and-JGP-AAP-27Aug03_HUPO.2627.2627.2.dta,DMYSFLEDMGLK,5.62047206623072e-009,1447.863,0,BL_ORD_ID:168,665,676,sw|P01023|A2MG_HUMAN RecName: Full=Alpha-2-macroglobulin;Short=Alpha-2-M;AltName: Full=C3 and PZP-like alpha-2-macroglobulin domain-containing protein 5;Flags: Precursor;,,2,1447.635,2.0001679950999e-012,0
191,JNA-and-JGP-AAP-27Aug03_HUPO.2631.2631.2.dta,MGPTELLIEMEDWK,2.8708691659043e-010,1691.183,0,BL_ORD_ID:6473,335,348,sw|P02675|FIBB_HUMAN RecName: Full=Fibrinogen beta chain;Contains:RecName: Full=Fibrinopeptide B;Flags: Precursor;,,2,1690.795,1.17658572373127e-013,0
191,JNA-and-JGP-AAP-27Aug03_HUPO.2631.2631.2.dta,EDLRDLLELETSMK,0.273838219059063,1691.183,0,BL_ORD_ID:9215,141,154,sw|Q86VH2|KIF27_HUMAN RecName: Full=Kinesin-like protein KIF27;,,2,1690.846,0.000112228778302895,0
194,JNA-and-JGP-AAP-27Aug03_HUPO.2656.2656.1.dta,HPYFYAPELLFFAK,0.0715173097935768,1741.743,0,BL_ORD_ID:655,170,183,sw|P02768|ALBU_HUMAN RecName: Full=Serum albumin;Flags: Precursor;,,1,1741.886,3.39105309594959e-005,0
195,JNA-and-JGP-AAP-27Aug03_HUPO.2659.2659.3.dta,HPYFYAPELLFFAK,5.79833084349759e-011,1742.585,0,BL_ORD_ID:655,170,183,sw|P02768|ALBU_HUMAN RecName: Full=Serum albumin;Flags: Precursor;,,3,1741.886,2.66712550298877e-014,0
199,JNA-and-JGP-AAP-27Aug03_HUPO.2676.2676.2.dta,ITPNLAEFAFSLYR,0.00606504304041098,1641.493,0,BL_ORD_ID:156,50,63,sw|P01009|A1AT_HUMAN RecName: Full=Alpha-1-antitrypsin;AltName: Full=Alpha-1 protease inhibitor;AltName: Full=Alpha-1-antiproteinase;Contains:RecName: Full=Short peptide from AAT;Short=SPAAT;Flags: Precursor;,,2,1640.856,2.51452862371931e-006,0
201,JNA-and-JGP-AAP-27Aug03_HUPO.2691.2691.1.dta,HPYFYAPELLFFAK,0.000124067800554186,1741.733,0,BL_ORD_ID:655,170,183,sw|P02768|ALBU_HUMAN RecName: Full=Serum albumin;Flags: Precursor;,,1,1741.886,5.88277859431893e-008,0
202,JNA-and-JGP-AAP-27Aug03_HUPO.2696.2696.2.dta,HPYFYAPELLFFAK,0.183715254371742,1742.373,0,BL_ORD_ID:655,170,183,sw|P02768|ALBU_HUMAN RecName: Full=Serum albumin;Flags: Precursor;,,2,1741.886,8.450563678553e-005,0
203,JNA-and-JGP-AAP-27Aug03_HUPO.2709.2709.3.dta,AIAANEADAVTLDAGLVYDAYLAPNNLKPVVAEFYGSK,4.3677767626055e-007,3954.275,0,BL_ORD_ID:17952,70,107,sw|P02787|TRFE_HUMAN RecName: Full=Serotransferrin;Short=Transferrin;AltName: Full=Siderophilin;AltName: Full=Beta-1 metal-binding globulin;Flags: Precursor;,,3,3953.007,1.05501854169215e-009,0
205,JNA-and-JGP-AAP-27Aug03_HUPO.2720.2720.3.dta,NYAEAKDVFLGMFLYEYAR,1.59429798847295e-009,2299.883,0,BL_ORD_ID:655,342,360,sw|P02768|ALBU_HUMAN RecName: Full=Serum albumin;Flags: Precursor;,,3,2299.096,1.06856433543763e-012,0
206,JNA-and-JGP-AAP-27Aug03_HUPO.2733.2733.2.dta,EFNAETFTFHADICTLSEK,0.294320582799252,2201.953,0,BL_ORD_ID:655,525,543,sw|P02768|ALBU_HUMAN RecName: Full=Serum albumin;Flags: Precursor;,,2,2201.995,0.000176663014885505,0
207,JNA-and-JGP-AAP-27Aug03_HUPO.2739.2739.2.dta,TTIEKPVWLGFLGPIIK,1.59461140978222e-005,1912.573,0,BL_ORD_ID:2875,82,98,sw|P00450|CERU_HUMAN RecName: Full=Ceruloplasmin;EC=1.16.3.1;AltName: Full=Ferroxidase;Flags: Precursor;,,2,1911.123,8.41483593552624e-009,0
208,JNA-and-JGP-AAP-27Aug03_HUPO.2747.2747.3.dta,SMGGKEDLIWELLNQAQEHFGK,6.9657401304511e-010,2530.784,0,BL_ORD_ID:17952,274,295,sw|P02787|TRFE_HUMAN RecName: Full=Serotransferrin;Short=Transferrin;AltName: Full=Siderophilin;AltName: Full=Beta-1 metal-binding globulin;Flags: Precursor;,,3,2529.232,5.69561744108839e-013,0
210,JNA-and-JGP-AAP-27Aug03_HUPO.2760.2760.2.dta,VPSYTLILPSLELPVLHVPR,0.0501652941386029,2243.243,0,BL_ORD_ID:954,3292,3311,sw|P04114|APOB_HUMAN RecName: Full=Apolipoprotein B-100;Short=Apo B-100;Contains:RecName: Full=Apolipoprotein B-48;Short=Apo B-48;Flags: Precursor;,,2,2242.309,3.398732665217e-005,0
211,JNA-and-JGP-AAP-27Aug03_HUPO.2773.2773.2.dta,STAAMSTYTGIFTDQVLSVLK,1.22227249764756e-005,2232.103,0,BL_ORD_ID:956,78,98,sw|P02655|APOC2_HUMAN RecName: Full=Apolipoprotein C-II;Short=Apo-CII;Short=ApoC-II;Flags: Precursor;,,2,2232.134,7.90603167947972e-009,0
212,JNA-and-JGP-AAP-27Aug03_HUPO.2780.2780.2.dta,EPCVESLVSQYFQTVTDYGK,0.000518332357084188,2292.433,0,BL_ORD_ID:950,27,46,sw|P02652|APOA2_HUMAN RecName: Full=Apolipoprotein A-II;Short=Apo-AII;Short=ApoA-II;Contains:RecName: Full=Apolipoprotein A-II(1-76);Flags: Precursor;,,2,2292.062,3.69182590515803e-007,0
216,JNA-and-JGP-AAP-27Aug03_HUPO.2799.2799.2.dta,DVFLGMFLYEYAR,4.52551452866101e-008,1622.973,0,BL_ORD_ID:655,348,360,sw|P02768|ALBU_HUMAN RecName: Full=Serum albumin;Flags: Precursor;,,2,1622.778,1.93315443343059e-011,0
217,JNA-and-JGP-AAP-27Aug03_HUPO.2821.2821.2.dta,TFPGFFSPMLGEFVSETESR,0.00927020816821178,2265.393,0,BL_ORD_ID:6472,528,547,sw|P02671|FIBA_HUMAN RecName: Full=Fibrinogen alpha chain;Contains:RecName: Full=Fibrinopeptide A;Flags: Precursor;,,2,2264.045,6.40650184396115e-006,0
218,JNA-and-JGP-AAP-27Aug03_HUPO.2835.2835.2.dta,DVFLGMFLYEYAR,2.66059914331282e-010,1622.973,0,BL_ORD_ID:655,348,360,sw|P02768|ALBU_HUMAN RecName: Full=Serum albumin;Flags: Precursor;,,2,1622.778,1.13652248753217e-013,0
218,JNA-and-JGP-AAP-27Aug03_HUPO.2835.2835.2.dta,TLFLFPNQTGFPNK,0.969552089025799,1622.973,0,BL_ORD_ID:13132,331,344,sw|Q96GW7|PGCB_HUMAN RecName: Full=Brevican core protein;AltName: Full=Brain-enriched hyaluronan-binding protein;Short=Protein BEHAB;Flags: Precursor;,,2,1622.846,0.000414161507486458,0
219,JNA-and-JGP-AAP-27Aug03_HUPO.2843.2843.2.dta,VQLSNDFDEYIMAIEQTIK,2.70175378949868e-009,2257.423,0,BL_ORD_ID:3764,1552,1570,sw|P01024|CO3_HUMAN RecName: Full=Complement C3;AltName: Full=C3 and PZP-like alpha-2-macroglobulin domain-containing protein 1;Contains:RecName: Full=Complement C3 beta chain;Contains:RecName: Full=Complement C3 alpha chain;Contains:RecName: Full=C3a anaphylatoxin;Contains:RecName: Full=Complement C3b alpha' chain;Contains:RecName: Full=Complement C3c alpha' chain fragment 1;Contains:RecName: Full=Complement C3dg fragment;Contains:RecName: Full=Complement C3g fragment;Contains:RecName: Full=Complement C3d fragment;Contains:RecName: Full=Complement C3f fragment;Contains:RecName: Full=Complement C3c alpha' chain fragment 2;Flags: Precursor;,,2,2256.099,1.76010018859849e-012,0
220,JNA-and-JGP-AAP-27Aug03_HUPO.2851.2851.2.dta,AFQPFFVELTMPYSVIR,7.46358135361848e-005,2044.473,0,BL_ORD_ID:168,788,804,sw|P01023|A2MG_HUMAN RecName: Full=Alpha-2-macroglobulin;Short=Alpha-2-M;AltName: Full=C3 and PZP-like alpha-2-macroglobulin domain-containing protein 5;Flags: Precursor;,,2,2044.048,4.15335634592013e-008,0
220,JNA-and-JGP-AAP-27Aug03_HUPO.2851.2851.2.dta,AFQPFFVELTMPYSVIR,7.46358135361848e-005,2044.473,0,BL_ORD_ID:14102,794,810,sw|P20742|PZP_HUMAN RecName: Full=Pregnancy zone protein;AltName: Full=C3 and PZP-like alpha-2-macroglobulin domain-containing protein 6;Flags: Precursor;,,2,2044.048,4.15335634592013e-008,0
221,JNA-and-JGP-AAP-27Aug03_HUPO.2868.2868.2.dta,DYNLNDILLQLGIEEAFTSK,1.2060145950418e-007,2296.573,0,BL_ORD_ID:183,321,340,sw|P01011|AACT_HUMAN RecName: Full=Alpha-1-antichymotrypsin;Short=ACT;AltName: Full=Cell growth-inhibiting gene 24/25 protein;Contains:RecName: Full=Alpha-1-antichymotrypsin His-Pro-less;Flags: Precursor;,,2,2295.164,8.68261047546292e-011,0
222,JNA-and-JGP-AAP-27Aug03_HUPO.2869.2869.2.dta,SLPAPWLSMAPVSWITPGLK,4.86320934110413e-005,2151.253,0,BL_ORD_ID:157,115,134,sw|P04217|A1BG_HUMAN RecName: Full=Alpha-1B-glycoprotein;AltName: Full=Alpha-1-B glycoprotein;Flags: Precursor;,,2,2150.159,3.06440412167872e-008,0
224,JNA-and-JGP-AAP-27Aug03_HUPO.2879.2879.2.dta,MLITEENLMSIIIKTFMDHLR,0.390169584022857,2548.715,0,BL_ORD_ID:18510,430,450,sw|Q8IWV8|UBR2_HUMAN RecName: Full=E3 ubiquitin-protein ligase UBR2;EC=6.3.2.-;AltName: Full=N-recognin-2;AltName: Full=Ubiquitin-protein ligase E3-alpha-2;AltName: Full=Ubiquitin-protein ligase E3-alpha-II;,,3,2547.326,0.000321127229648442,0
226,JNA-and-JGP-AAP-27Aug03_HUPO.2907.2907.2.dta,DVFLGMFLYEYAR,7.55628818958753e-009,1623.073,0,BL_ORD_ID:655,348,360,sw|P02768|ALBU_HUMAN RecName: Full=Serum albumin;Flags: Precursor;,,2,1622.778,3.21681063839401e-012,0
227,JNA-and-JGP-AAP-27Aug03_HUPO.2931.2931.2.dta,EDLIWELLNQAQEHFGK,1.40416171630274e-008,2069.463,0,BL_ORD_ID:17952,279,295,sw|P02787|TRFE_HUMAN RecName: Full=Serotransferrin;Short=Transferrin;AltName: Full=Siderophilin;AltName: Full=Beta-1 metal-binding globulin;Flags: Precursor;,,2,2069.023,8.00548298918324e-012,0
228,JNA-and-JGP-AAP-27Aug03_HUPO.2936.2936.2.dta,AYIFIDEAHITQALIWLSQR,1.39412247154221e-008,2388.083,0,BL_ORD_ID:168,1054,1073,sw|P01023|A2MG_HUMAN RecName: Full=Alpha-2-macroglobulin;Short=Alpha-2-M;AltName: Full=C3 and PZP-like alpha-2-macroglobulin domain-containing protein 5;Flags: Precursor;,,2,2387.264,1.06016917988e-011,0
229,JNA-and-JGP-AAP-27Aug03_HUPO.2939.2939.2.dta,EPGQDLVVLPLSITTDFIPSFR,4.11954581016067e-006,2443.873,0,BL_ORD_ID:3764,509,530,sw|P01024|CO3_HUMAN RecName: Full=Complement C3;AltName: Full=C3 and PZP-like alpha-2-macroglobulin domain-containing protein 1;Contains:RecName: Full=Complement C3 beta chain;Contains:RecName: Full=Complement C3 alpha chain;Contains:RecName: Full=C3a anaphylatoxin;Contains:RecName: Full=Complement C3b alpha' chain;Contains:RecName: Full=Complement C3c alpha' chain fragment 1;Contains:RecName: Full=Complement C3dg fragment;Contains:RecName: Full=Complement C3g fragment;Contains:RecName: Full=Complement C3d fragment;Contains:RecName: Full=Complement C3f fragment;Contains:RecName: Full=Complement C3c alpha' chain fragment 2;Flags: Precursor;,,2,2443.3,3.05831166307399e-009,0
231,JNA-and-JGP-AAP-27Aug03_HUPO.2944.2944.2.dta,DVFLGMFLYEYAR,2.39004107911749e-005,1622.713,0,BL_ORD_ID:655,348,360,sw|P02768|ALBU_HUMAN RecName: Full=Serum albumin;Flags: Precursor;,,2,1622.778,1.01101568490587e-008,0
235,JNA-and-JGP-AAP-27Aug03_HUPO.2976.2976.2.dta,MPCAEDYLSVVLNQLCVLHEK,0.385347570497706,2404.223,0,BL_ORD_ID:655,470,490,sw|P02768|ALBU_HUMAN RecName: Full=Serum albumin;Flags: Precursor;,,2,2403.163,0.000279439862579917,0
236,JNA-and-JGP-AAP-27Aug03_HUPO.2979.2979.3.dta,MPCAEDYLSVVLNQLCVLHEK,2.08186769395993e-012,2403.953,0,BL_ORD_ID:655,470,490,sw|P02768|ALBU_HUMAN RecName: Full=Serum albumin;Flags: Precursor;,,3,2403.163,1.47545548827777e-015,0
237,JNA-and-JGP-AAP-27Aug03_HUPO.2980.2980.2.dta,DVFLGMFLYEYAR,5.17388544402516e-007,1622.793,0,BL_ORD_ID:655,348,360,sw|P02768|ALBU_HUMAN RecName: Full=Serum albumin;Flags: Precursor;,,2,1622.778,2.20540726514286e-010,0
241,JNA-and-JGP-AAP-27Aug03_HUPO.3004.3004.2.dta,EFNAETFTFHADICTLSEK,0.000509052195316371,2202.643,0,BL_ORD_ID:655,525,543,sw|P02768|ALBU_HUMAN RecName: Full=Serum albumin;Flags: Precursor;,,2,2201.995,3.04639255126494e-007,0
242,JNA-and-JGP-AAP-27Aug03_HUPO.3015.3015.2.dta,DVFLGMFLYEYAR,0.460442945949118,1622.273,0,BL_ORD_ID:655,348,360,sw|P02768|ALBU_HUMAN RecName: Full=Serum albumin;Flags: Precursor;,,2,1622.778,0.000194115913132006,0
243,JNA-and-JGP-AAP-27Aug03_HUPO.3016.3016.3.dta,SFAAGIQALGGTNINDAMLMAVQLLDSSNQEER,5.7463840358684e-007,3464.603,0,BL_ORD_ID:8731,339,371,sw|Q14624|ITIH4_HUMAN RecName: Full=Inter-alpha-trypsin inhibitor heavy chain H4;Short=Inter-alpha-inhibitor heavy chain 4;Short=ITI heavy chain H4;AltName: Full=Inter-alpha-trypsin inhibitor family heavy chain-related protein;Short=IHRP;AltName: Full=Plasma kallikrein sensitive glycoprotein 120;Short=PK-120;Short=GP120;Contains:RecName: Full=70 kDa inter-alpha-trypsin inhibitor heavy chain H4;Contains:RecName: Full=35 kDa inter-alpha-trypsin inhibitor heavy chain H4;Flags: Precursor;,,3,3463.67,8.97872505604437e-010,0
244,JNA-and-JGP-AAP-27Aug03_HUPO.3032.3032.2.dta,ALVLIAFAQYLQQCPFEDHVK,2.35394156257261e-005,2434.053,0,BL_ORD_ID:655,45,65,sw|P02768|ALBU_HUMAN RecName: Full=Serum albumin;Flags: Precursor;,,2,2432.256,1.8318611381888e-008,0
245,JNA-and-JGP-AAP-27Aug03_HUPO.3039.3039.3.dta,DLGEENFKALVLIAFAQYLQQCPFEDHVK,3.70250209385095e-009,3366.533,0,BL_ORD_ID:655,37,65,sw|P02768|ALBU_HUMAN RecName: Full=Serum albumin;Flags: Precursor;,,3,3364.68,5.44485602036905e-012,0
246,JNA-and-JGP-AAP-27Aug03_HUPO.3055.3055.2.dta,DVFLGMFLYEYAR,8.89597674475809e-008,1623.653,0,BL_ORD_ID:655,348,360,sw|P02768|ALBU_HUMAN RecName: Full=Serum albumin;Flags: Precursor;,,2,1622.778,3.78552201904599e-011,0
247,JNA-and-JGP-AAP-27Aug03_HUPO.3092.3092.2.dta,DVFLGMFLYEYAR,5.02863250958196e-007,1623.273,0,BL_ORD_ID:655,348,360,sw|P02768|ALBU_HUMAN RecName: Full=Serum albumin;Flags: Precursor;,,2,1622.778,2.14075458049466e-010,0
248,JNA-and-JGP-AAP-27Aug03_HUPO.3099.3099.2.dta,QLYNVEATSYALLALLQLK,1.15922022873623e-010,2150.913,0,BL_ORD_ID:3764,1226,1244,sw|P01024|CO3_HUMAN RecName: Full=Complement C3;AltName: Full=C3 and PZP-like alpha-2-macroglobulin domain-containing protein 1;Contains:RecName: Full=Complement C3 beta chain;Contains:RecName: Full=Complement C3 alpha chain;Contains:RecName: Full=C3a anaphylatoxin;Contains:RecName: Full=Complement C3b alpha' chain;Contains:RecName: Full=Complement C3c alpha' chain fragment 1;Contains:RecName: Full=Complement C3dg fragment;Contains:RecName: Full=Complement C3g fragment;Contains:RecName: Full=Complement C3d fragment;Contains:RecName: Full=Complement C3f fragment;Contains:RecName: Full=Complement C3c alpha' chain fragment 2;Flags: Precursor;,,2,2150.199,7.23608132794152e-014,0
249,JNA-and-JGP-AAP-27Aug03_HUPO.3127.3127.2.dta,DVFLGMFLYEYAR,6.70132685760272e-005,1622.783,0,BL_ORD_ID:655,348,360,sw|P02768|ALBU_HUMAN RecName: Full=Serum albumin;Flags: Precursor;,,2,1622.778,2.85162845004371e-008,0
250,JNA-and-JGP-AAP-27Aug03_HUPO.3143.3143.2.dta,VPLLLSEPINIIDALEMR,4.32618324102022e-009,2036.723,0,BL_ORD_ID:954,2026,2043,sw|P04114|APOB_HUMAN RecName: Full=Apolipoprotein B-100;Short=Apo B-100;Contains:RecName: Full=Apolipoprotein B-48;Short=Apo B-48;Flags: Precursor;,,2,2035.139,2.57971570722732e-012,0
251,JNA-and-JGP-AAP-27Aug03_HUPO.3151.3151.2.dta,AGTELVNFLSYFVELGTQPATQ,0.000101010247459429,2385.513,0,BL_ORD_ID:950,79,100,sw|P02652|APOA2_HUMAN RecName: Full=Apolipoprotein A-II;Short=Apo-AII;Short=ApoA-II;Contains:RecName: Full=Apolipoprotein A-II(1-76);Flags: Precursor;,,2,2384.19,7.42176689635772e-008,0
252,JNA-and-JGP-AAP-27Aug03_HUPO.3175.3175.2.dta,ELDRDTVFALVNYIFFK,0.00041496347362332,2089.793,0,BL_ORD_ID:156,199,215,sw|P01009|A1AT_HUMAN RecName: Full=Alpha-1-antitrypsin;AltName: Full=Alpha-1 protease inhibitor;AltName: Full=Alpha-1-antiproteinase;Contains:RecName: Full=Short peptide from AAT;Short=SPAAT;Flags: Precursor;,,2,2089.087,2.43523165271901e-007,0
254,JNA-and-JGP-AAP-27Aug03_HUPO.3179.3179.3.dta,ELDRDTVFALVNYIFFK,1.24434184609732e-008,2089.574,0,BL_ORD_ID:156,199,215,sw|P01009|A1AT_HUMAN RecName: Full=Alpha-1-antitrypsin;AltName: Full=Alpha-1 protease inhibitor;AltName: Full=Alpha-1-antiproteinase;Contains:RecName: Full=Short peptide from AAT;Short=SPAAT;Flags: Precursor;,,3,2089.087,7.30676362946165e-012,0
254,JNA-and-JGP-AAP-27Aug03_HUPO.3179.3179.3.dta,KTNYMEYFQEAMLFFK,0.608233980993707,2089.574,0,BL_ORD_ID:9205,411,426,sw|Q9NS87|KIF15_HUMAN RecName: Full=Kinesin-like protein KIF15;AltName: Full=Kinesin-like protein 2;Short=hKLP2;AltName: Full=Kinesin-like protein 7;AltName: Full=Serologically defined breast cancer antigen NY-BR-62;,,3,2088.968,0.000357154422192429,0
255,JNA-and-JGP-AAP-27Aug03_HUPO.3196.3196.2.dta,VPTADLEDVLPLAEDITNILSK,0.0151156813991978,2364.8,0,BL_ORD_ID:18848,243,264,sw|P02774|VTDB_HUMAN RecName: Full=Vitamin D-binding protein;Short=DBP;Short=VDB;AltName: Full=Group-specific component;AltName: Full=Gc-globulin;Flags: Precursor;,,3,2365.264,1.14860800905759e-005,0
255,JNA-and-JGP-AAP-27Aug03_HUPO.3196.3196.2.dta,DTVFALVNYIFFK,0.0592684448713741,1576.533,0,BL_ORD_ID:156,203,215,sw|P01009|A1AT_HUMAN RecName: Full=Alpha-1-antitrypsin;AltName: Full=Alpha-1 protease inhibitor;AltName: Full=Alpha-1-antiproteinase;Contains:RecName: Full=Short peptide from AAT;Short=SPAAT;Flags: Precursor;,,2,1575.832,2.32243122536732e-005,0
257,JNA-and-JGP-AAP-27Aug03_HUPO.3209.3209.2.dta,DVFLGMFLYEYAR,9.34865906567207e-008,1623.433,0,BL_ORD_ID:655,348,360,sw|P02768|ALBU_HUMAN RecName: Full=Serum albumin;Flags: Precursor;,,2,1622.778,3.97984634553941e-011,0
258,JNA-and-JGP-AAP-27Aug03_HUPO.3252.3252.2.dta,DVFLGMFLYEYAR,5.60103273584073e-010,1623.123,0,BL_ORD_ID:655,348,360,sw|P02768|ALBU_HUMAN RecName: Full=Serum albumin;Flags: Precursor;,,2,1622.778,2.38443283773552e-013,0
259,JNA-and-JGP-AAP-27Aug03_HUPO.3289.3289.2.dta,DVFLGMFLYEYAR,9.30209195047632e-007,1623.803,0,BL_ORD_ID:655,348,360,sw|P02768|ALBU_HUMAN RecName: Full=Serum albumin;Flags: Precursor;,,2,1622.778,4.01125138011053e-010,0
260,JNA-and-JGP-AAP-27Aug03_HUPO.3332.3332.2.dta,DVFLGMFLYEYAR,2.2190404271046e-007,1622.663,0,BL_ORD_ID:655,348,360,sw|P02768|ALBU_HUMAN RecName: Full=Serum albumin;Flags: Precursor;,,2,1622.778,9.35514513956409e-011,0
261,JNA-and-JGP-AAP-27Aug03_HUPO.3372.3372.2.dta,DVFLGMFLYEYAR,1.58160762218521e-006,1622.903,0,BL_ORD_ID:655,348,360,sw|P02768|ALBU_HUMAN RecName: Full=Serum albumin;Flags: Precursor;,,2,1622.778,6.80554054296563e-010,0
262,JNA-and-JGP-AAP-27Aug03_HUPO.3411.3411.2.dta,DVFLGMFLYEYAR,5.93710623576868e-010,1623.263,0,BL_ORD_ID:655,348,360,sw|P02768|ALBU_HUMAN RecName: Full=Serum albumin;Flags: Precursor;,,2,1622.778,2.5275037189309e-013,0
263,JNA-and-JGP-AAP-27Aug03_HUPO.3448.3448.2.dta,DVFLGMFLYEYAR,4.09436340318263e-008,1622.813,0,BL_ORD_ID:655,348,360,sw|P02768|ALBU_HUMAN RecName: Full=Serum albumin;Flags: Precursor;,,2,1622.778,1.73637124816905e-011,0
264,JNA-and-JGP-AAP-27Aug03_HUPO.3459.3459.3.dta,ELTPEVLQEWLDELEEMMLVVHMPR,0.000837693680205853,3066.614,0,BL_ORD_ID:862,330,354,sw|P01008|ANT3_HUMAN RecName: Full=Antithrombin-III;Short=ATIII;Flags: Precursor;,,3,3065.492,9.99634463252808e-007,0
265,JNA-and-JGP-AAP-27Aug03_HUPO.3464.3464.3.dta,FDPAKLDQIESVITATSANTQLVLETLAQMDDLQDFLSK,4.25998619790884e-005,4309.355,0,BL_ORD_ID:8729,533,571,sw|P19823|ITIH2_HUMAN RecName: Full=Inter-alpha-trypsin inhibitor heavy chain H2;Short=Inter-alpha-inhibitor heavy chain 2;Short=ITI heavy chain H2;AltName: Full=Inter-alpha-trypsin inhibitor complex component II;AltName: Full=Serum-derived hyaluronan-associated protein;Short=SHAP;Flags: Precursor;,,3,4308.174,1.29090490845722e-007,0
266,JNA-and-JGP-AAP-27Aug03_HUPO.3483.3483.2.dta,DVFLGMFLYEYAR,5.43652880537002e-010,1623.473,0,BL_ORD_ID:655,348,360,sw|P02768|ALBU_HUMAN RecName: Full=Serum albumin;Flags: Precursor;,,2,1622.778,2.31440136456791e-013,0
267,JNA-and-JGP-AAP-27Aug03_HUPO.3491.3491.3.dta,ITDVIPSEAINELTVLVLVNTIYFK,4.65837583382922e-005,2804.123,0,BL_ORD_ID:862,230,254,sw|P01008|ANT3_HUMAN RecName: Full=Antithrombin-III;Short=ATIII;Flags: Precursor;,,3,2803.562,4.56256203117455e-008,0
269,JNA-and-JGP-AAP-27Aug03_HUPO.3519.3519.2.dta,DVFLGMFLYEYAR,1.38132213947912e-008,1623.823,0,BL_ORD_ID:655,348,360,sw|P02768|ALBU_HUMAN RecName: Full=Serum albumin;Flags: Precursor;,,2,1622.778,5.9591119045691e-012,0
272,JNA-and-JGP-AAP-27Aug03_HUPO.3564.3564.2.dta,DVFLGMFLYEYAR,4.84561932622047e-008,1623.483,0,BL_ORD_ID:655,348,360,sw|P02768|ALBU_HUMAN RecName: Full=Serum albumin;Flags: Precursor;,,2,1622.778,2.06284347646678e-011,0
273,JNA-and-JGP-AAP-27Aug03_HUPO.3624.3624.2.dta,DVFLGMFLYEYAR,6.79758395447115e-009,1623.223,0,BL_ORD_ID:655,348,360,sw|P02768|ALBU_HUMAN RecName: Full=Serum albumin;Flags: Precursor;,,2,1622.778,2.89382032970249e-012,0
274,JNA-and-JGP-AAP-27Aug03_HUPO.3660.3660.3.dta,GGVEDEVTLSAYITIALLEIPLTVTHPVVR,2.11417050892218e-009,3205.793,0,BL_ORD_ID:168,1093,1122,sw|P01023|A2MG_HUMAN RecName: Full=Alpha-2-macroglobulin;Short=Alpha-2-M;AltName: Full=C3 and PZP-like alpha-2-macroglobulin domain-containing protein 5;Flags: Precursor;,,3,3204.764,2.72444653211621e-012,0
275,JNA-and-JGP-AAP-27Aug03_HUPO.3672.3672.2.dta,DVFLGMFLYEYAR,3.58557358965956e-006,1623.083,0,BL_ORD_ID:655,348,360,sw|P02768|ALBU_HUMAN RecName: Full=Serum albumin;Flags: Precursor;,,2,1622.778,1.5264255383821e-009,0
276,JNA-and-JGP-AAP-27Aug03_HUPO.3679.3679.3.dta,TEVSSNHVLIYLDKVSNQTLSLFFTVLQDVPVR,4.05613782376775e-006,3761.663,0,BL_ORD_ID:168,1408,1440,sw|P01023|A2MG_HUMAN RecName: Full=Alpha-2-macroglobulin;Short=Alpha-2-M;AltName: Full=C3 and PZP-like alpha-2-macroglobulin domain-containing protein 5;Flags: Precursor;,,3,3761.003,6.88648187396901e-009,0
277,JNA-and-JGP-AAP-27Aug03_HUPO.3728.3728.2.dta,DVFLGMFLYEYAR,2.48588352536589e-009,1623.433,0,BL_ORD_ID:655,348,360,sw|P02768|ALBU_HUMAN RecName: Full=Serum albumin;Flags: Precursor;,,2,1622.778,1.0582731057326e-012,0
278,JNA-and-JGP-AAP-27Aug03_HUPO.3752.3752.2.dta,EFNAETFTFHADICTLSEK,3.76065643159741e-007,2203.733,0,BL_ORD_ID:655,525,543,sw|P02768|ALBU_HUMAN RecName: Full=Serum albumin;Flags: Precursor;,,2,2201.995,2.26682123664702e-010,0
279,JNA-and-JGP-AAP-27Aug03_HUPO.3793.3793.2.dta,DVFLGMFLYEYAR,6.13840352993726e-007,1622.453,0,BL_ORD_ID:655,348,360,sw|P02768|ALBU_HUMAN RecName: Full=Serum albumin;Flags: Precursor;,,2,1622.778,2.58785983555534e-010,0
280,JNA-and-JGP-AAP-27Aug03_HUPO.3833.3833.2.dta,DVFLGMFLYEYAR,2.36569928021518e-006,1622.663,0,BL_ORD_ID:655,348,360,sw|P02768|ALBU_HUMAN RecName: Full=Serum albumin;Flags: Precursor;,,2,1622.778,9.97343710040128e-010,0
281,JNA-and-JGP-AAP-27Aug03_HUPO.3887.3887.2.dta,DVFLGMFLYEYAR,7.34992847413805e-011,1623.483,0,BL_ORD_ID:655,348,360,sw|P02768|ALBU_HUMAN RecName: Full=Serum albumin;Flags: Precursor;,,2,1622.778,3.12896061053131e-014,0
282,JNA-and-JGP-AAP-27Aug03_HUPO.3896.3896.3.dta,SSGSLLNNAIKGGVEDEVTLSAYITIALLEIPLTVTHPVVR,0.000439638732933596,4290.764,0,BL_ORD_ID:168,1082,1122,sw|P01023|A2MG_HUMAN RecName: Full=Alpha-2-macroglobulin;Short=Alpha-2-M;AltName: Full=C3 and PZP-like alpha-2-macroglobulin domain-containing protein 5;Flags: Precursor;,,3,4289.351,1.365337679918e-006,0
283,JNA-and-JGP-AAP-27Aug03_HUPO.3925.3925.2.dta,DVFLGMFLYEYAR,7.59703393477186e-009,1623.163,0,BL_ORD_ID:655,348,360,sw|P02768|ALBU_HUMAN RecName: Full=Serum albumin;Flags: Precursor;,,2,1622.778,3.23415663464106e-012,0
284,JNA-and-JGP-AAP-27Aug03_HUPO.3984.3984.2.dta,DVFLGMFLYEYAR,8.10156850020816e-009,1622.673,0,BL_ORD_ID:655,348,360,sw|P02768|ALBU_HUMAN RecName: Full=Serum albumin;Flags: Precursor;,,2,1622.778,3.41694158591656e-012,0
285,JNA-and-JGP-AAP-27Aug03_HUPO.4024.4024.2.dta,DVFLGMFLYEYAR,5.44085793994616e-007,1623.123,0,BL_ORD_ID:655,348,360,sw|P02768|ALBU_HUMAN RecName: Full=Serum albumin;Flags: Precursor;,,2,1622.778,2.31624433373612e-010,0
287,JNA-and-JGP-AAP-27Aug03_HUPO.4037.4037.2.dta,EFNAETFTFHADICTLSEK,0.128058843532708,2202.343,0,BL_ORD_ID:655,525,543,sw|P02768|ALBU_HUMAN RecName: Full=Serum albumin;Flags: Precursor;,,2,2201.995,7.65902174238684e-005,0
288,JNA-and-JGP-AAP-27Aug03_HUPO.4061.4061.2.dta,DVFLGMFLYEYAR,1.18023053036292e-005,1623.083,0,BL_ORD_ID:655,348,360,sw|P02768|ALBU_HUMAN RecName: Full=Serum albumin;Flags: Precursor;,,2,1622.778,5.02439561670038e-009,0
289,JNA-and-JGP-AAP-27Aug03_HUPO.4117.4117.2.dta,EFNAETFTFHADICTLSEK,0.00436581930405746,2203.133,0,BL_ORD_ID:655,525,543,sw|P02768|ALBU_HUMAN RecName: Full=Serum albumin;Flags: Precursor;,,2,2201.995,2.64916219906399e-006,0
290,JNA-and-JGP-AAP-27Aug03_HUPO.4140.4140.2.dta,DVFLGMFLYEYAR,2.1269340586331e-009,1623.783,0,BL_ORD_ID:655,348,360,sw|P02768|ALBU_HUMAN RecName: Full=Serum albumin;Flags: Precursor;,,2,1622.778,9.10112990429224e-013,0
291,JNA-and-JGP-AAP-27Aug03_HUPO.4176.4176.2.dta,DVFLGMFLYEYAR,8.65174294330097e-010,1623.313,0,BL_ORD_ID:655,348,360,sw|P02768|ALBU_HUMAN RecName: Full=Serum albumin;Flags: Precursor;,,2,1622.778,3.68316004397658e-013,0
292,JNA-and-JGP-AAP-27Aug03_HUPO.4216.4216.2.dta,DVFLGMFLYEYAR,5.24478226636429e-009,1623.243,0,BL_ORD_ID:655,348,360,sw|P02768|ALBU_HUMAN RecName: Full=Serum albumin;Flags: Precursor;,,2,1622.778,2.23277235690263e-012,0
294,JNA-and-JGP-AAP-27Aug03_HUPO.4265.4265.2.dta,DVFLGMFLYEYAR,4.11108454515326e-006,1622.623,0,BL_ORD_ID:655,348,360,sw|P02768|ALBU_HUMAN RecName: Full=Serum albumin;Flags: Precursor;,,2,1622.778,1.73171210832067e-009,0
295,JNA-and-JGP-AAP-27Aug03_HUPO.4305.4305.2.dta,DVFLGMFLYEYAR,2.32717430245829e-009,1623.913,0,BL_ORD_ID:655,348,360,sw|P02768|ALBU_HUMAN RecName: Full=Serum albumin;Flags: Precursor;,,2,1622.778,9.89444856487367e-013,0
296,JNA-and-JGP-AAP-27Aug03_HUPO.4352.4352.2.dta,DVFLGMFLYEYAR,0.000136276389215456,1623.953,0,BL_ORD_ID:655,348,360,sw|P02768|ALBU_HUMAN RecName: Full=Serum albumin;Flags: Precursor;,,2,1622.778,5.7573463969352e-008,0
297,JNA-and-JGP-AAP-27Aug03_HUPO.4387.4387.2.dta,EFNAETFTFHADICTLSEK,0.00104367255236097,2202.943,0,BL_ORD_ID:655,525,543,sw|P02768|ALBU_HUMAN RecName: Full=Serum albumin;Flags: Precursor;,,2,2201.995,6.26454113061804e-007,0
298,JNA-and-JGP-AAP-27Aug03_HUPO.4433.4433.2.dta,DVFLGMFLYEYAR,6.68034844386485e-006,1623.233,0,BL_ORD_ID:655,348,360,sw|P02768|ALBU_HUMAN RecName: Full=Serum albumin;Flags: Precursor;,,2,1622.778,2.84391164064063e-009,0
300,JNA-and-JGP-AAP-27Aug03_HUPO.4531.4531.2.dta,DVFLGMFLYEYAR,3.99152731038348e-007,1623.383,0,BL_ORD_ID:655,348,360,sw|P02768|ALBU_HUMAN RecName: Full=Serum albumin;Flags: Precursor;,,2,1622.778,1.69924534286228e-010,0
303,JNA-and-JGP-AAP-27Aug03_HUPO.4721.4721.2.dta,DVFLGMFLYEYAR,3.27370144457968e-006,1623.733,0,BL_ORD_ID:655,348,360,sw|P02768|ALBU_HUMAN RecName: Full=Serum albumin;Flags: Precursor;,,2,1622.778,1.40502207921875e-009,0
